timestamp,univ_name,group_name,dept_name,quota,applied,ratio
2026-09-07 16:29:53,연세대학교(미래),교과우수자,소프트웨어학부,18,3,0.17 : 1
2026-09-07 16:29:54,고려대학교(세종),크림슨인재전형,전자및정보공학과,33,12,0.36 : 1
2026-09-07 16:29:54,고려대학교(세종),크림슨인재전형,인공지능사이버보안학과,16,16,1.00 : 1
2026-09-07 16:29:55,고려대학교(세종),크림슨인재전형,컴퓨터소프트웨어학과,20,3,0.15 : 1
2026-09-07 16:29:55,고려대학교(세종),논술,전자및정보공학과,21,8,0.38 : 1
2026-09-07 16:29:56,고려대학교(세종),논술,인공지능사이버보안학과,10,1,0.10 : 1
2026-09-07 16:29:57,고려대학교(세종),논술,컴퓨터소프트웨어학과,13,3,0.23 : 1
2026-09-07 16:29:57,상명대,논술,휴먼AI공학전공,5,16,3.20 : 1
2026-09-07 16:29:58,상명대,논술,데이터과학전공,3,5,1.67 : 1
2026-09-07 16:29:59,상명대,논술,컴퓨터과학전공,3,6,2.00 : 1
2026-09-07 16:30:00,국민대,논술,소프트웨어학부,7,20,2.86 : 1
2026-09-07 16:30:00,국민대,논술,인공지능학부,3,4,1.33 : 1
2026-09-08 05:07:26,연세대학교(미래),교과우수자,소프트웨어학부,18,3,0.17 : 1
2026-09-08 05:07:26,고려대학교(세종),크림슨인재전형,전자및정보공학과,33,12,0.36 : 1
2026-09-08 05:07:27,고려대학교(세종),크림슨인재전형,인공지능사이버보안학과,16,16,1.00 : 1
2026-09-08 05:07:28,고려대학교(세종),크림슨인재전형,컴퓨터소프트웨어학과,20,3,0.15 : 1
2026-09-08 05:07:29,고려대학교(세종),논술,전자및정보공학과,21,8,0.38 : 1
2026-09-08 05:07:29,고려대학교(세종),논술,인공지능사이버보안학과,10,1,0.10 : 1
2026-09-08 05:07:30,고려대학교(세종),논술,컴퓨터소프트웨어학과,13,3,0.23 : 1
2026-09-08 05:07:30,상명대,논술,휴먼AI공학전공,5,16,3.20 : 1
2026-09-08 05:07:31,상명대,논술,데이터과학전공,3,6,2.00 : 1
2026-09-08 05:07:32,상명대,논술,컴퓨터과학전공,3,6,2.00 : 1
2026-09-08 05:07:33,국민대,논술,소프트웨어학부,7,20,2.86 : 1
2026-09-08 05:07:33,국민대,논술,인공지능학부,3,4,1.33 : 1
2026-09-08 07:48:28,연세대학교(미래),교과우수자,소프트웨어학부,18,3,0.17 : 1
2026-09-08 07:48:29,고려대학교(세종),크림슨인재전형,전자및정보공학과,33,12,0.36 : 1
2026-09-08 07:48:30,고려대학교(세종),크림슨인재전형,인공지능사이버보안학과,16,16,1.00 : 1
2026-09-08 07:48:31,고려대학교(세종),크림슨인재전형,컴퓨터소프트웨어학과,20,3,0.15 : 1
2026-09-08 07:48:31,고려대학교(세종),논술,전자및정보공학과,21,8,0.38 : 1
2026-09-08 07:48:32,고려대학교(세종),논술,인공지능사이버보안학과,10,1,0.10 : 1
2026-09-08 07:48:33,고려대학교(세종),논술,컴퓨터소프트웨어학과,13,3,0.23 : 1
2026-09-08 07:48:34,상명대,논술,휴먼AI공학전공,5,16,3.20 : 1
2026-09-08 07:48:35,상명대,논술,데이터과학전공,3,6,2.00 : 1
2026-09-08 07:48:36,상명대,논술,컴퓨터과학전공,3,6,2.00 : 1
2026-09-08 07:48:37,국민대,논술,소프트웨어학부,7,20,2.86 : 1
2026-09-08 07:48:38,국민대,논술,인공지능학부,3,4,1.33 : 1
2026-09-08 09:44:27,연세대학교(미래),교과우수자,소프트웨어학부,18,3,0.17 : 1
2026-09-08 09:44:28,고려대학교(세종),크림슨인재전형,전자및정보공학과,33,12,0.36 : 1
2026-09-08 09:44:29,고려대학교(세종),크림슨인재전형,인공지능사이버보안학과,16,16,1.00 : 1
2026-09-08 09:44:30,고려대학교(세종),크림슨인재전형,컴퓨터소프트웨어학과,20,3,0.15 : 1
2026-09-08 09:44:30,고려대학교(세종),논술,전자및정보공학과,21,8,0.38 : 1
2026-09-08 09:44:31,고려대학교(세종),논술,인공지능사이버보안학과,10,1,0.10 : 1
2026-09-08 09:44:32,고려대학교(세종),논술,컴퓨터소프트웨어학과,13,3,0.23 : 1
2026-09-08 09:44:32,상명대,논술,휴먼AI공학전공,5,16,3.20 : 1
2026-09-08 09:44:33,상명대,논술,데이터과학전공,3,6,2.00 : 1
2026-09-08 09:44:34,상명대,논술,컴퓨터과학전공,3,6,2.00 : 1
2026-09-08 09:44:34,국민대,논술,소프트웨어학부,7,22,3.14 : 1
2026-09-08 09:44:35,국민대,논술,인공지능학부,3,4,1.33 : 1
2026-09-08 14:22:07,연세대학교(미래),교과우수자,소프트웨어학부,18,5,0.28 : 1
2026-09-08 14:22:08,고려대학교(세종),크림슨인재전형,전자및정보공학과,33,14,0.42 : 1
2026-09-08 14:22:09,고려대학교(세종),크림슨인재전형,인공지능사이버보안학과,16,18,1.13 : 1
2026-09-08 14:22:10,고려대학교(세종),크림슨인재전형,컴퓨터소프트웨어학과,20,5,0.25 : 1
2026-09-08 14:22:10,고려대학교(세종),논술,전자및정보공학과,21,10,0.48 : 1
2026-09-08 14:22:11,고려대학교(세종),논술,인공지능사이버보안학과,10,1,0.10 : 1
2026-09-08 14:22:12,고려대학교(세종),논술,컴퓨터소프트웨어학과,13,3,0.23 : 1
2026-09-08 14:22:13,상명대,논술,휴먼AI공학전공,5,17,3.40 : 1
2026-09-08 14:22:14,상명대,논술,데이터과학전공,3,7,2.33 : 1
2026-09-08 14:22:14,상명대,논술,컴퓨터과학전공,3,8,2.67 : 1
2026-09-08 14:22:16,국민대,논술,소프트웨어학부,7,30,4.29 : 1
2026-09-08 14:22:17,국민대,논술,인공지능학부,3,7,2.33 : 1
2026-09-08 18:51:22,연세대학교(미래),교과우수자,소프트웨어학부,18,6,0.33 : 1
2026-09-08 18:51:22,고려대학교(세종),크림슨인재전형,전자및정보공학과,33,16,0.48 : 1
2026-09-08 18:51:23,고려대학교(세종),크림슨인재전형,인공지능사이버보안학과,16,22,1.38 : 1
2026-09-08 18:51:24,고려대학교(세종),크림슨인재전형,컴퓨터소프트웨어학과,20,6,0.30 : 1
2026-09-08 18:51:25,고려대학교(세종),논술,전자및정보공학과,21,12,0.57 : 1
2026-09-08 18:51:26,고려대학교(세종),논술,인공지능사이버보안학과,10,1,0.10 : 1
2026-09-08 18:51:26,고려대학교(세종),논술,컴퓨터소프트웨어학과,13,4,0.31 : 1
2026-09-08 18:51:27,상명대,논술,휴먼AI공학전공,5,20,4.00 : 1
2026-09-08 18:51:28,상명대,논술,데이터과학전공,3,8,2.67 : 1
2026-09-08 18:51:28,상명대,논술,컴퓨터과학전공,3,8,2.67 : 1
2026-09-08 18:51:29,국민대,논술,소프트웨어학부,7,37,5.29 : 1
2026-09-08 18:51:30,국민대,논술,인공지능학부,3,11,3.67 : 1
2026-09-08 22:55:35,연세대학교(미래),교과우수자,소프트웨어학부,18,8,0.44 : 1
2026-09-08 22:55:35,고려대학교(세종),크림슨인재전형,전자및정보공학과,33,22,0.67 : 1
2026-09-08 22:55:36,고려대학교(세종),크림슨인재전형,인공지능사이버보안학과,16,30,1.88 : 1
2026-09-08 22:55:37,고려대학교(세종),크림슨인재전형,컴퓨터소프트웨어학과,20,8,0.40 : 1
2026-09-08 22:55:38,고려대학교(세종),논술,전자및정보공학과,21,14,0.67 : 1
2026-09-08 22:55:38,고려대학교(세종),논술,인공지능사이버보안학과,10,2,0.20 : 1
2026-09-08 22:55:39,고려대학교(세종),논술,컴퓨터소프트웨어학과,13,6,0.46 : 1
2026-09-08 22:55:40,상명대,논술,휴먼AI공학전공,5,29,5.80 : 1
2026-09-08 22:55:41,상명대,논술,데이터과학전공,3,11,3.67 : 1
2026-09-08 22:55:41,상명대,논술,컴퓨터과학전공,3,15,5.00 : 1
2026-09-08 22:55:42,국민대,논술,소프트웨어학부,7,57,8.14 : 1
2026-09-08 22:55:43,국민대,논술,인공지능학부,3,19,6.33 : 1
2026-09-09 02:50:28,연세대학교(미래),교과우수자,소프트웨어학부,18,8,0.44 : 1
2026-09-09 02:50:29,고려대학교(세종),크림슨인재전형,전자및정보공학과,33,24,0.73 : 1
2026-09-09 02:50:30,고려대학교(세종),크림슨인재전형,인공지능사이버보안학과,16,35,2.19 : 1
2026-09-09 02:50:31,고려대학교(세종),크림슨인재전형,컴퓨터소프트웨어학과,20,11,0.55 : 1
2026-09-09 02:50:32,고려대학교(세종),논술,전자및정보공학과,21,22,1.05 : 1
2026-09-09 02:50:33,고려대학교(세종),논술,인공지능사이버보안학과,10,5,0.50 : 1
2026-09-09 02:50:33,고려대학교(세종),논술,컴퓨터소프트웨어학과,13,6,0.46 : 1
2026-09-09 02:50:34,상명대,논술,휴먼AI공학전공,5,44,8.80 : 1
2026-09-09 02:50:35,상명대,논술,데이터과학전공,3,18,6.00 : 1
2026-09-09 02:50:36,상명대,논술,컴퓨터과학전공,3,26,8.67 : 1
2026-09-09 02:50:37,국민대,논술,소프트웨어학부,7,73,10.43 : 1
2026-09-09 02:50:38,국민대,논술,인공지능학부,3,24,8.00 : 1
2026-09-09 05:20:37,연세대학교(미래),교과우수자,소프트웨어학부,18,8,0.44 : 1
2026-09-09 05:20:38,고려대학교(세종),크림슨인재전형,전자및정보공학과,33,24,0.73 : 1
2026-09-09 05:20:39,고려대학교(세종),크림슨인재전형,인공지능사이버보안학과,16,35,2.19 : 1
2026-09-09 05:20:40,고려대학교(세종),크림슨인재전형,컴퓨터소프트웨어학과,20,11,0.55 : 1
2026-09-09 05:20:41,고려대학교(세종),논술,전자및정보공학과,21,22,1.05 : 1
2026-09-09 05:20:42,고려대학교(세종),논술,인공지능사이버보안학과,10,5,0.50 : 1
2026-09-09 05:20:42,고려대학교(세종),논술,컴퓨터소프트웨어학과,13,6,0.46 : 1
2026-09-09 05:20:43,상명대,논술,휴먼AI공학전공,5,44,8.80 : 1
2026-09-09 05:20:44,상명대,논술,데이터과학전공,3,18,6.00 : 1
2026-09-09 05:20:45,상명대,논술,컴퓨터과학전공,3,26,8.67 : 1
2026-09-09 05:20:46,국민대,논술,소프트웨어학부,7,73,10.43 : 1
2026-09-09 05:20:47,국민대,논술,인공지능학부,3,24,8.00 : 1
2026-09-09 07:45:23,연세대학교(미래),교과우수자,소프트웨어학부,18,8,0.44 : 1
2026-09-09 07:45:24,고려대학교(세종),크림슨인재전형,전자및정보공학과,33,24,0.73 : 1
2026-09-09 07:45:24,고려대학교(세종),크림슨인재전형,인공지능사이버보안학과,16,35,2.19 : 1
2026-09-09 07:45:25,고려대학교(세종),크림슨인재전형,컴퓨터소프트웨어학과,20,11,0.55 : 1
2026-09-09 07:45:26,고려대학교(세종),논술,전자및정보공학과,21,22,1.05 : 1
2026-09-09 07:45:27,고려대학교(세종),논술,인공지능사이버보안학과,10,5,0.50 : 1
2026-09-09 07:45:28,고려대학교(세종),논술,컴퓨터소프트웨어학과,13,6,0.46 : 1
2026-09-09 07:45:29,상명대,논술,휴먼AI공학전공,5,44,8.80 : 1
2026-09-09 07:45:30,상명대,논술,데이터과학전공,3,18,6.00 : 1
2026-09-09 07:45:31,상명대,논술,컴퓨터과학전공,3,26,8.67 : 1
2026-09-09 07:45:32,국민대,논술,소프트웨어학부,7,74,10.57 : 1
2026-09-09 07:45:33,국민대,논술,인공지능학부,3,24,8.00 : 1
2026-09-09 09:43:09,연세대학교(미래),교과우수자,소프트웨어학부,18,9,0.50 : 1
2026-09-09 09:43:09,고려대학교(세종),크림슨인재전형,전자및정보공학과,33,25,0.76 : 1
2026-09-09 09:43:10,고려대학교(세종),크림슨인재전형,인공지능사이버보안학과,16,38,2.38 : 1
2026-09-09 09:43:11,고려대학교(세종),크림슨인재전형,컴퓨터소프트웨어학과,20,11,0.55 : 1
2026-09-09 09:43:12,고려대학교(세종),논술,전자및정보공학과,21,22,1.05 : 1
2026-09-09 09:43:12,고려대학교(세종),논술,인공지능사이버보안학과,10,5,0.50 : 1
2026-09-09 09:43:13,고려대학교(세종),논술,컴퓨터소프트웨어학과,13,6,0.46 : 1
2026-09-09 09:43:14,상명대,논술,휴먼AI공학전공,5,44,8.80 : 1
2026-09-09 09:43:14,상명대,논술,데이터과학전공,3,18,6.00 : 1
2026-09-09 09:43:15,상명대,논술,컴퓨터과학전공,3,26,8.67 : 1
2026-09-09 09:43:16,국민대,논술,소프트웨어학부,7,75,10.71 : 1
2026-09-09 09:43:16,국민대,논술,인공지능학부,3,25,8.33 : 1
2026-09-09 14:18:54,연세대학교(미래),교과우수자,소프트웨어학부,18,11,0.61 : 1
2026-09-09 14:18:54,고려대학교(세종),크림슨인재전형,전자및정보공학과,33,26,0.79 : 1
2026-09-09 14:18:55,고려대학교(세종),크림슨인재전형,인공지능사이버보안학과,16,41,2.56 : 1
2026-09-09 14:18:55,고려대학교(세종),크림슨인재전형,컴퓨터소프트웨어학과,20,13,0.65 : 1
2026-09-09 14:18:56,고려대학교(세종),논술,전자및정보공학과,21,22,1.05 : 1
2026-09-09 14:18:57,고려대학교(세종),논술,인공지능사이버보안학과,10,5,0.50 : 1
2026-09-09 14:18:58,고려대학교(세종),논술,컴퓨터소프트웨어학과,13,7,0.54 : 1
2026-09-09 14:18:58,상명대,논술,휴먼AI공학전공,5,46,9.20 : 1
2026-09-09 14:18:59,상명대,논술,데이터과학전공,3,22,7.33 : 1
2026-09-09 14:18:59,상명대,논술,컴퓨터과학전공,3,28,9.33 : 1
2026-09-09 14:19:00,국민대,논술,소프트웨어학부,7,81,11.57 : 1
2026-09-09 14:19:01,국민대,논술,인공지능학부,3,25,8.33 : 1
2026-09-09 18:53:33,연세대학교(미래),교과우수자,소프트웨어학부,18,15,0.83 : 1
2026-09-09 18:53:34,고려대학교(세종),크림슨인재전형,전자및정보공학과,33,31,0.94 : 1
2026-09-09 18:53:35,고려대학교(세종),크림슨인재전형,인공지능사이버보안학과,16,44,2.75 : 1
2026-09-09 18:53:36,고려대학교(세종),크림슨인재전형,컴퓨터소프트웨어학과,20,19,0.95 : 1
2026-09-09 18:53:37,고려대학교(세종),논술,전자및정보공학과,21,25,1.19 : 1
2026-09-09 18:53:38,고려대학교(세종),논술,인공지능사이버보안학과,10,7,0.70 : 1
2026-09-09 18:53:39,고려대학교(세종),논술,컴퓨터소프트웨어학과,13,9,0.69 : 1
2026-09-09 18:53:40,상명대,논술,휴먼AI공학전공,5,52,10.40 : 1
2026-09-09 18:53:41,상명대,논술,데이터과학전공,3,25,8.33 : 1
2026-09-09 18:53:42,상명대,논술,컴퓨터과학전공,3,33,11.00 : 1
2026-09-09 18:53:43,국민대,논술,소프트웨어학부,7,92,13.14 : 1
2026-09-09 18:53:44,국민대,논술,인공지능학부,3,29,9.67 : 1
2026-09-09 22:59:13,연세대학교(미래),교과우수자,소프트웨어학부,18,28,1.56 : 1
2026-09-09 22:59:14,고려대학교(세종),크림슨인재전형,전자및정보공학과,33,40,1.21 : 1
2026-09-09 22:59:15,고려대학교(세종),크림슨인재전형,인공지능사이버보안학과,16,52,3.25 : 1
2026-09-09 22:59:15,고려대학교(세종),크림슨인재전형,컴퓨터소프트웨어학과,20,26,1.30 : 1
2026-09-09 22:59:16,고려대학교(세종),논술,전자및정보공학과,21,26,1.24 : 1
2026-09-09 22:59:17,고려대학교(세종),논술,인공지능사이버보안학과,10,9,0.90 : 1
2026-09-09 22:59:17,고려대학교(세종),논술,컴퓨터소프트웨어학과,13,11,0.85 : 1
2026-09-09 22:59:18,상명대,논술,휴먼AI공학전공,5,61,12.20 : 1
2026-09-09 22:59:19,상명대,논술,데이터과학전공,3,36,12.00 : 1
2026-09-09 22:59:20,상명대,논술,컴퓨터과학전공,3,49,16.33 : 1
2026-09-09 22:59:20,국민대,논술,소프트웨어학부,7,123,17.57 : 1
2026-09-09 22:59:21,국민대,논술,인공지능학부,3,39,13.00 : 1
2026-09-10 02:42:47,연세대학교(미래),교과우수자,소프트웨어학부,18,36,2.00 : 1
2026-09-10 02:42:48,고려대학교(세종),크림슨인재전형,전자및정보공학과,33,49,1.48 : 1
2026-09-10 02:42:49,고려대학교(세종),크림슨인재전형,인공지능사이버보안학과,16,58,3.63 : 1
2026-09-10 02:42:50,고려대학교(세종),크림슨인재전형,컴퓨터소프트웨어학과,20,31,1.55 : 1
2026-09-10 02:42:50,고려대학교(세종),논술,전자및정보공학과,21,36,1.71 : 1
2026-09-10 02:42:51,고려대학교(세종),논술,인공지능사이버보안학과,10,11,1.10 : 1
2026-09-10 02:42:52,고려대학교(세종),논술,컴퓨터소프트웨어학과,13,15,1.15 : 1
2026-09-10 02:42:53,상명대,논술,휴먼AI공학전공,5,76,15.20 : 1
2026-09-10 02:42:54,상명대,논술,데이터과학전공,3,47,15.67 : 1
2026-09-10 02:42:55,상명대,논술,컴퓨터과학전공,3,62,20.67 : 1
2026-09-10 02:42:56,국민대,논술,소프트웨어학부,7,176,25.14 : 1
2026-09-10 02:42:57,국민대,논술,인공지능학부,3,49,16.33 : 1
2026-09-10 05:01:41,연세대학교(미래),교과우수자,소프트웨어학부,18,36,2.00 : 1
2026-09-10 05:01:41,고려대학교(세종),크림슨인재전형,전자및정보공학과,33,50,1.52 : 1
2026-09-10 05:01:42,고려대학교(세종),크림슨인재전형,인공지능사이버보안학과,16,58,3.63 : 1
2026-09-10 05:01:43,고려대학교(세종),크림슨인재전형,컴퓨터소프트웨어학과,20,31,1.55 : 1
2026-09-10 05:01:44,고려대학교(세종),논술,전자및정보공학과,21,36,1.71 : 1
2026-09-10 05:01:45,고려대학교(세종),논술,인공지능사이버보안학과,10,12,1.20 : 1
2026-09-10 05:01:45,고려대학교(세종),논술,컴퓨터소프트웨어학과,13,15,1.15 : 1
2026-09-10 05:01:46,상명대,논술,휴먼AI공학전공,5,77,15.40 : 1
2026-09-10 05:01:46,상명대,논술,데이터과학전공,3,48,16.00 : 1
2026-09-10 05:01:47,상명대,논술,컴퓨터과학전공,3,62,20.67 : 1
2026-09-10 05:01:48,국민대,논술,소프트웨어학부,7,177,25.29 : 1
2026-09-10 05:01:49,국민대,논술,인공지능학부,3,49,16.33 : 1
2026-09-10 07:27:22,연세대학교(미래),교과우수자,소프트웨어학부,18,36,2.00 : 1
2026-09-10 07:27:23,고려대학교(세종),크림슨인재전형,전자및정보공학과,33,50,1.52 : 1
2026-09-10 07:27:24,고려대학교(세종),크림슨인재전형,인공지능사이버보안학과,16,58,3.63 : 1
2026-09-10 07:27:25,고려대학교(세종),크림슨인재전형,컴퓨터소프트웨어학과,20,31,1.55 : 1
2026-09-10 07:27:26,고려대학교(세종),논술,전자및정보공학과,21,36,1.71 : 1
2026-09-10 07:27:26,고려대학교(세종),논술,인공지능사이버보안학과,10,12,1.20 : 1
2026-09-10 07:27:27,고려대학교(세종),논술,컴퓨터소프트웨어학과,13,15,1.15 : 1
2026-09-10 07:27:28,상명대,논술,휴먼AI공학전공,5,77,15.40 : 1
2026-09-10 07:27:28,상명대,논술,데이터과학전공,3,48,16.00 : 1
2026-09-10 07:27:29,상명대,논술,컴퓨터과학전공,3,62,20.67 : 1
2026-09-10 07:27:30,국민대,논술,소프트웨어학부,7,178,25.43 : 1
2026-09-10 07:27:31,국민대,논술,인공지능학부,3,49,16.33 : 1
2026-09-10 09:27:38,연세대학교(미래),교과우수자,소프트웨어학부,18,36,2.00 : 1
2026-09-10 09:27:39,고려대학교(세종),크림슨인재전형,전자및정보공학과,33,51,1.55 : 1
2026-09-10 09:27:40,고려대학교(세종),크림슨인재전형,인공지능사이버보안학과,16,58,3.63 : 1
2026-09-10 09:27:41,고려대학교(세종),크림슨인재전형,컴퓨터소프트웨어학과,20,32,1.60 : 1
2026-09-10 09:27:42,고려대학교(세종),논술,전자및정보공학과,21,37,1.76 : 1
2026-09-10 09:27:43,고려대학교(세종),논술,인공지능사이버보안학과,10,12,1.20 : 1
2026-09-10 09:27:44,고려대학교(세종),논술,컴퓨터소프트웨어학과,13,16,1.23 : 1
2026-09-10 09:27:44,상명대,논술,휴먼AI공학전공,5,77,15.40 : 1
2026-09-10 09:27:45,상명대,논술,데이터과학전공,3,49,16.33 : 1
2026-09-10 09:27:46,상명대,논술,컴퓨터과학전공,3,63,21.00 : 1
2026-09-10 09:27:47,국민대,논술,소프트웨어학부,7,180,25.71 : 1
2026-09-10 09:27:48,국민대,논술,인공지능학부,3,49,16.33 : 1
2026-09-10 14:05:47,연세대학교(미래),교과우수자,소프트웨어학부,18,38,2.11 : 1
2026-09-10 14:05:48,고려대학교(세종),크림슨인재전형,전자및정보공학과,33,52,1.58 : 1
2026-09-10 14:05:49,고려대학교(세종),크림슨인재전형,인공지능사이버보안학과,16,65,4.06 : 1
2026-09-10 14:05:49,고려대학교(세종),크림슨인재전형,컴퓨터소프트웨어학과,20,37,1.85 : 1
2026-09-10 14:05:50,고려대학교(세종),논술,전자및정보공학과,21,38,1.81 : 1
2026-09-10 14:05:51,고려대학교(세종),논술,인공지능사이버보안학과,10,15,1.50 : 1
2026-09-10 14:05:52,고려대학교(세종),논술,컴퓨터소프트웨어학과,13,16,1.23 : 1
2026-09-10 14:05:53,상명대,논술,휴먼AI공학전공,5,86,17.20 : 1
2026-09-10 14:05:54,상명대,논술,데이터과학전공,3,54,18.00 : 1
2026-09-10 14:05:54,상명대,논술,컴퓨터과학전공,3,68,22.67 : 1
2026-09-10 14:05:55,국민대,논술,소프트웨어학부,7,192,27.43 : 1
2026-09-10 14:05:56,국민대,논술,인공지능학부,3,56,18.67 : 1
2026-09-10 18:40:13,연세대학교(미래),교과우수자,소프트웨어학부,18,43,2.39 : 1
2026-09-10 18:40:13,고려대학교(세종),크림슨인재전형,전자및정보공학과,33,56,1.70 : 1
2026-09-10 18:40:14,고려대학교(세종),크림슨인재전형,인공지능사이버보안학과,16,74,4.63 : 1
2026-09-10 18:40:15,고려대학교(세종),크림슨인재전형,컴퓨터소프트웨어학과,20,42,2.10 : 1
2026-09-10 18:40:16,고려대학교(세종),논술,전자및정보공학과,21,38,1.81 : 1
2026-09-10 18:40:16,고려대학교(세종),논술,인공지능사이버보안학과,10,15,1.50 : 1
2026-09-10 18:40:17,고려대학교(세종),논술,컴퓨터소프트웨어학과,13,20,1.54 : 1
2026-09-10 18:40:17,상명대,논술,휴먼AI공학전공,5,100,20.00 : 1
2026-09-10 18:40:18,상명대,논술,데이터과학전공,3,64,21.33 : 1
2026-09-10 18:40:19,상명대,논술,컴퓨터과학전공,3,74,24.67 : 1
2026-09-10 18:40:19,국민대,논술,소프트웨어학부,7,209,29.86 : 1
2026-09-10 18:40:20,국민대,논술,인공지능학부,3,65,21.67 : 1
2026-09-10 22:49:16,연세대학교(미래),교과우수자,소프트웨어학부,18,66,3.67 : 1
2026-09-10 22:49:17,고려대학교(세종),크림슨인재전형,전자및정보공학과,33,70,2.12 : 1
2026-09-10 22:49:18,고려대학교(세종),크림슨인재전형,인공지능사이버보안학과,16,89,5.56 : 1
2026-09-10 22:49:18,고려대학교(세종),크림슨인재전형,컴퓨터소프트웨어학과,20,57,2.85 : 1
2026-09-10 22:49:19,고려대학교(세종),논술,전자및정보공학과,21,43,2.05 : 1
2026-09-10 22:49:20,고려대학교(세종),논술,인공지능사이버보안학과,10,17,1.70 : 1
2026-09-10 22:49:21,고려대학교(세종),논술,컴퓨터소프트웨어학과,13,23,1.77 : 1
2026-09-10 22:49:21,상명대,논술,휴먼AI공학전공,5,143,28.60 : 1
2026-09-10 22:49:22,상명대,논술,데이터과학전공,3,86,28.67 : 1
2026-09-10 22:49:22,상명대,논술,컴퓨터과학전공,3,97,32.33 : 1
2026-09-10 22:49:23,국민대,논술,소프트웨어학부,7,254,36.29 : 1
2026-09-10 22:49:24,국민대,논술,인공지능학부,3,79,26.33 : 1
2026-09-11 02:18:44,연세대학교(미래),교과우수자,소프트웨어학부,18,79,4.39 : 1
2026-09-11 02:18:45,고려대학교(세종),크림슨인재전형,전자및정보공학과,33,88,2.67 : 1
2026-09-11 02:18:46,고려대학교(세종),크림슨인재전형,인공지능사이버보안학과,16,103,6.44 : 1
2026-09-11 02:18:46,고려대학교(세종),크림슨인재전형,컴퓨터소프트웨어학과,20,67,3.35 : 1
2026-09-11 02:18:47,고려대학교(세종),논술,전자및정보공학과,21,61,2.90 : 1
2026-09-11 02:18:48,고려대학교(세종),논술,인공지능사이버보안학과,10,19,1.90 : 1
2026-09-11 02:18:48,고려대학교(세종),논술,컴퓨터소프트웨어학과,13,39,3.00 : 1
2026-09-11 02:18:49,상명대,논술,휴먼AI공학전공,5,217,43.40 : 1
2026-09-11 02:18:50,상명대,논술,데이터과학전공,3,125,41.67 : 1
2026-09-11 02:18:51,상명대,논술,컴퓨터과학전공,3,144,48.00 : 1
2026-09-11 02:18:51,국민대,논술,소프트웨어학부,7,346,49.43 : 1
2026-09-11 02:18:52,국민대,논술,인공지능학부,3,115,38.33 : 1
2026-09-11 04:49:45,연세대학교(미래),교과우수자,소프트웨어학부,18,79,4.39 : 1
2026-09-11 04:49:46,고려대학교(세종),크림슨인재전형,전자및정보공학과,33,89,2.70 : 1
2026-09-11 04:49:47,고려대학교(세종),크림슨인재전형,인공지능사이버보안학과,16,104,6.50 : 1
2026-09-11 04:49:48,고려대학교(세종),크림슨인재전형,컴퓨터소프트웨어학과,20,67,3.35 : 1
2026-09-11 04:49:49,고려대학교(세종),논술,전자및정보공학과,21,63,3.00 : 1
2026-09-11 04:49:50,고려대학교(세종),논술,인공지능사이버보안학과,10,20,2.00 : 1
2026-09-11 04:49:50,고려대학교(세종),논술,컴퓨터소프트웨어학과,13,39,3.00 : 1
2026-09-11 04:49:51,상명대,논술,휴먼AI공학전공,5,228,45.60 : 1
2026-09-11 04:49:52,상명대,논술,데이터과학전공,3,127,42.33 : 1
2026-09-11 04:49:52,상명대,논술,컴퓨터과학전공,3,147,49.00 : 1
2026-09-11 04:49:53,국민대,논술,소프트웨어학부,7,349,49.86 : 1
2026-09-11 04:49:55,국민대,논술,인공지능학부,3,116,38.67 : 1
2026-09-11 06:58:29,연세대학교(미래),교과우수자,소프트웨어학부,18,80,4.44 : 1
2026-09-11 06:58:30,고려대학교(세종),크림슨인재전형,전자및정보공학과,33,90,2.73 : 1
2026-09-11 06:58:31,고려대학교(세종),크림슨인재전형,인공지능사이버보안학과,16,105,6.56 : 1
2026-09-11 06:58:32,고려대학교(세종),크림슨인재전형,컴퓨터소프트웨어학과,20,67,3.35 : 1
2026-09-11 06:58:33,고려대학교(세종),논술,전자및정보공학과,21,63,3.00 : 1
2026-09-11 06:58:34,고려대학교(세종),논술,인공지능사이버보안학과,10,20,2.00 : 1
2026-09-11 06:58:35,고려대학교(세종),논술,컴퓨터소프트웨어학과,13,39,3.00 : 1
2026-09-11 06:58:36,상명대,논술,휴먼AI공학전공,5,229,45.80 : 1
2026-09-11 06:58:37,상명대,논술,데이터과학전공,3,128,42.67 : 1
2026-09-11 06:58:37,상명대,논술,컴퓨터과학전공,3,148,49.33 : 1
2026-09-11 06:58:39,국민대,논술,소프트웨어학부,7,350,50.00 : 1
2026-09-11 06:58:40,국민대,논술,인공지능학부,3,117,39.00 : 1
2026-09-11 08:51:51,연세대학교(미래),교과우수자,소프트웨어학부,18,80,4.44 : 1
2026-09-11 08:51:52,고려대학교(세종),크림슨인재전형,전자및정보공학과,33,92,2.79 : 1
2026-09-11 08:51:53,고려대학교(세종),크림슨인재전형,인공지능사이버보안학과,16,106,6.63 : 1
2026-09-11 08:51:54,고려대학교(세종),크림슨인재전형,컴퓨터소프트웨어학과,20,69,3.45 : 1
2026-09-11 08:51:55,고려대학교(세종),논술,전자및정보공학과,21,65,3.10 : 1
2026-09-11 08:51:55,고려대학교(세종),논술,인공지능사이버보안학과,10,22,2.20 : 1
2026-09-11 08:51:56,고려대학교(세종),논술,컴퓨터소프트웨어학과,13,39,3.00 : 1
2026-09-11 08:51:57,상명대,논술,휴먼AI공학전공,5,237,47.40 : 1
2026-09-11 08:51:57,상명대,논술,데이터과학전공,3,130,43.33 : 1
2026-09-11 08:51:58,상명대,논술,컴퓨터과학전공,3,150,50.00 : 1
2026-09-11 08:51:59,국민대,논술,소프트웨어학부,7,363,51.86 : 1
2026-09-11 08:52:00,국민대,논술,인공지능학부,3,121,40.33 : 1
2026-09-11 10:31:34,연세대학교(미래),교과우수자,소프트웨어학부,18,84,4.67 : 1
2026-09-11 10:31:35,고려대학교(세종),크림슨인재전형,전자및정보공학과,33,96,2.91 : 1
2026-09-11 10:31:36,고려대학교(세종),크림슨인재전형,인공지능사이버보안학과,16,109,6.81 : 1
2026-09-11 10:31:37,고려대학교(세종),크림슨인재전형,컴퓨터소프트웨어학과,20,72,3.60 : 1
2026-09-11 10:31:38,고려대학교(세종),논술,전자및정보공학과,21,70,3.33 : 1
2026-09-11 10:31:39,고려대학교(세종),논술,인공지능사이버보안학과,10,25,2.50 : 1
2026-09-11 10:31:40,고려대학교(세종),논술,컴퓨터소프트웨어학과,13,41,3.15 : 1
2026-09-11 10:31:40,상명대,논술,휴먼AI공학전공,5,243,48.60 : 1
2026-09-11 10:31:41,상명대,논술,데이터과학전공,3,135,45.00 : 1
2026-09-11 10:31:42,상명대,논술,컴퓨터과학전공,3,155,51.67 : 1
2026-09-11 10:31:43,국민대,논술,소프트웨어학부,7,375,53.57 : 1
2026-09-11 10:31:44,국민대,논술,인공지능학부,3,127,42.33 : 1
2026-09-11 15:35:30,연세대학교(미래),교과우수자,소프트웨어학부,18,93,5.17 : 1
2026-09-11 15:35:31,고려대학교(세종),크림슨인재전형,전자및정보공학과,33,115,3.48 : 1
2026-09-11 15:35:32,고려대학교(세종),크림슨인재전형,인공지능사이버보안학과,16,118,7.38 : 1
2026-09-11 15:35:32,고려대학교(세종),크림슨인재전형,컴퓨터소프트웨어학과,20,82,4.10 : 1
2026-09-11 15:35:33,고려대학교(세종),논술,전자및정보공학과,21,89,4.24 : 1
2026-09-11 15:35:34,고려대학교(세종),논술,인공지능사이버보안학과,10,33,3.30 : 1
2026-09-11 15:35:34,고려대학교(세종),논술,컴퓨터소프트웨어학과,13,46,3.54 : 1
2026-09-11 15:35:35,상명대,논술,휴먼AI공학전공,5,254,50.80 : 1
2026-09-11 15:35:36,상명대,논술,데이터과학전공,3,141,47.00 : 1
2026-09-11 15:35:36,상명대,논술,컴퓨터과학전공,3,165,55.00 : 1
2026-09-11 15:35:37,국민대,논술,소프트웨어학부,7,426,60.86 : 1
2026-09-11 15:35:38,국민대,논술,인공지능학부,3,144,48.00 : 1
2026-09-11 20:48:15,연세대학교(미래),교과우수자,소프트웨어학부,18,106,5.89 : 1
2026-09-11 20:48:15,고려대학교(세종),크림슨인재전형,전자및정보공학과,33,115,3.48 : 1
2026-09-11 20:48:16,고려대학교(세종),크림슨인재전형,인공지능사이버보안학과,16,118,7.38 : 1
2026-09-11 20:48:17,고려대학교(세종),크림슨인재전형,컴퓨터소프트웨어학과,20,82,4.10 : 1
2026-09-11 20:48:18,고려대학교(세종),논술,전자및정보공학과,21,89,4.24 : 1
2026-09-11 20:48:19,고려대학교(세종),논술,인공지능사이버보안학과,10,33,3.30 : 1
2026-09-11 20:48:20,고려대학교(세종),논술,컴퓨터소프트웨어학과,13,46,3.54 : 1
2026-09-11 20:48:21,상명대,논술,휴먼AI공학전공,5,350,70.00 : 1
2026-09-11 20:48:22,상명대,논술,데이터과학전공,3,205,68.33 : 1
2026-09-11 20:48:23,상명대,논술,컴퓨터과학전공,3,219,73.00 : 1
2026-09-11 20:48:24,국민대,논술,소프트웨어학부,7,489,69.86 : 1
2026-09-11 20:48:25,국민대,논술,인공지능학부,3,188,62.67 : 1
2026-09-12 00:16:02,연세대학교(미래),교과우수자,소프트웨어학부,18,106,5.89 : 1
2026-09-12 00:16:03,고려대학교(세종),크림슨인재전형,전자및정보공학과,33,152,4.61 : 1
2026-09-12 00:16:04,고려대학교(세종),크림슨인재전형,인공지능사이버보안학과,16,131,8.19 : 1
2026-09-12 00:16:05,고려대학교(세종),크림슨인재전형,컴퓨터소프트웨어학과,20,95,4.75 : 1
2026-09-12 00:16:06,고려대학교(세종),논술,전자및정보공학과,21,111,5.29 : 1
2026-09-12 00:16:07,고려대학교(세종),논술,인공지능사이버보안학과,10,48,4.80 : 1
2026-09-12 00:16:07,고려대학교(세종),논술,컴퓨터소프트웨어학과,13,61,4.69 : 1
2026-09-12 00:16:08,상명대,논술,휴먼AI공학전공,5,350,70.00 : 1
2026-09-12 00:16:09,상명대,논술,데이터과학전공,3,205,68.33 : 1
2026-09-12 00:16:10,상명대,논술,컴퓨터과학전공,3,219,73.00 : 1
2026-09-12 00:16:11,국민대,논술,소프트웨어학부,7,489,69.86 : 1
2026-09-12 00:16:12,국민대,논술,인공지능학부,3,188,62.67 : 1
2026-09-12 03:39:03,연세대학교(미래),교과우수자,소프트웨어학부,18,106,5.89 : 1
2026-09-12 03:39:04,고려대학교(세종),크림슨인재전형,전자및정보공학과,33,152,4.61 : 1
2026-09-12 03:39:05,고려대학교(세종),크림슨인재전형,인공지능사이버보안학과,16,131,8.19 : 1
2026-09-12 03:39:06,고려대학교(세종),크림슨인재전형,컴퓨터소프트웨어학과,20,95,4.75 : 1
2026-09-12 03:39:07,고려대학교(세종),논술,전자및정보공학과,21,111,5.29 : 1
2026-09-12 03:39:08,고려대학교(세종),논술,인공지능사이버보안학과,10,48,4.80 : 1
2026-09-12 03:39:09,고려대학교(세종),논술,컴퓨터소프트웨어학과,13,61,4.69 : 1
2026-09-12 03:39:10,상명대,논술,휴먼AI공학전공,5,350,70.00 : 1
2026-09-12 03:39:11,상명대,논술,데이터과학전공,3,205,68.33 : 1
2026-09-12 03:39:11,상명대,논술,컴퓨터과학전공,3,219,73.00 : 1
2026-09-12 03:39:13,국민대,논술,소프트웨어학부,7,489,69.86 : 1
2026-09-12 03:39:14,국민대,논술,인공지능학부,3,188,62.67 : 1
2026-09-12 06:17:50,연세대학교(미래),교과우수자,소프트웨어학부,18,106,5.89 : 1
2026-09-12 06:17:51,고려대학교(세종),크림슨인재전형,전자및정보공학과,33,152,4.61 : 1
2026-09-12 06:17:51,고려대학교(세종),크림슨인재전형,인공지능사이버보안학과,16,131,8.19 : 1
2026-09-12 06:17:52,고려대학교(세종),크림슨인재전형,컴퓨터소프트웨어학과,20,95,4.75 : 1
2026-09-12 06:17:53,고려대학교(세종),논술,전자및정보공학과,21,111,5.29 : 1
2026-09-12 06:17:54,고려대학교(세종),논술,인공지능사이버보안학과,10,48,4.80 : 1
2026-09-12 06:17:55,고려대학교(세종),논술,컴퓨터소프트웨어학과,13,61,4.69 : 1
2026-09-12 06:17:56,상명대,논술,휴먼AI공학전공,5,350,70.00 : 1
2026-09-12 06:17:57,상명대,논술,데이터과학전공,3,205,68.33 : 1
2026-09-12 06:17:58,상명대,논술,컴퓨터과학전공,3,219,73.00 : 1
2026-09-12 06:17:59,국민대,논술,소프트웨어학부,7,489,69.86 : 1
2026-09-12 06:18:00,국민대,논술,인공지능학부,3,188,62.67 : 1
2026-09-12 08:22:09,연세대학교(미래),교과우수자,소프트웨어학부,18,106,5.89 : 1
2026-09-12 08:22:09,고려대학교(세종),크림슨인재전형,전자및정보공학과,33,152,4.61 : 1
2026-09-12 08:22:10,고려대학교(세종),크림슨인재전형,인공지능사이버보안학과,16,131,8.19 : 1
2026-09-12 08:22:11,고려대학교(세종),크림슨인재전형,컴퓨터소프트웨어학과,20,95,4.75 : 1
2026-09-12 08:22:12,고려대학교(세종),논술,전자및정보공학과,21,111,5.29 : 1
2026-09-12 08:22:13,고려대학교(세종),논술,인공지능사이버보안학과,10,48,4.80 : 1
2026-09-12 08:22:14,고려대학교(세종),논술,컴퓨터소프트웨어학과,13,61,4.69 : 1
2026-09-12 08:22:14,상명대,논술,휴먼AI공학전공,5,350,70.00 : 1
2026-09-12 08:22:15,상명대,논술,데이터과학전공,3,205,68.33 : 1
2026-09-12 08:22:16,상명대,논술,컴퓨터과학전공,3,219,73.00 : 1
2026-09-12 08:22:17,국민대,논술,소프트웨어학부,7,489,69.86 : 1
2026-09-12 08:22:18,국민대,논술,인공지능학부,3,188,62.67 : 1
2026-09-12 10:15:38,연세대학교(미래),교과우수자,소프트웨어학부,18,106,5.89 : 1
2026-09-12 10:15:39,고려대학교(세종),크림슨인재전형,전자및정보공학과,33,152,4.61 : 1
2026-09-12 10:15:40,고려대학교(세종),크림슨인재전형,인공지능사이버보안학과,16,131,8.19 : 1
2026-09-12 10:15:41,고려대학교(세종),크림슨인재전형,컴퓨터소프트웨어학과,20,95,4.75 : 1
2026-09-12 10:15:42,고려대학교(세종),논술,전자및정보공학과,21,111,5.29 : 1
2026-09-12 10:15:43,고려대학교(세종),논술,인공지능사이버보안학과,10,48,4.80 : 1
2026-09-12 10:15:44,고려대학교(세종),논술,컴퓨터소프트웨어학과,13,61,4.69 : 1
2026-09-12 10:15:45,상명대,논술,휴먼AI공학전공,5,350,70.00 : 1
2026-09-12 10:15:46,상명대,논술,데이터과학전공,3,205,68.33 : 1
2026-09-12 10:15:47,상명대,논술,컴퓨터과학전공,3,219,73.00 : 1
2026-09-12 10:15:48,국민대,논술,소프트웨어학부,7,489,69.86 : 1
2026-09-12 10:15:49,국민대,논술,인공지능학부,3,188,62.67 : 1
2026-09-12 14:55:16,연세대학교(미래),교과우수자,소프트웨어학부,18,106,5.89 : 1
2026-09-12 14:55:17,고려대학교(세종),크림슨인재전형,전자및정보공학과,33,152,4.61 : 1
2026-09-12 14:55:17,고려대학교(세종),크림슨인재전형,인공지능사이버보안학과,16,131,8.19 : 1
2026-09-12 14:55:18,고려대학교(세종),크림슨인재전형,컴퓨터소프트웨어학과,20,95,4.75 : 1
2026-09-12 14:55:19,고려대학교(세종),논술,전자및정보공학과,21,111,5.29 : 1
2026-09-12 14:55:20,고려대학교(세종),논술,인공지능사이버보안학과,10,48,4.80 : 1
2026-09-12 14:55:20,고려대학교(세종),논술,컴퓨터소프트웨어학과,13,61,4.69 : 1
2026-09-12 14:55:21,상명대,논술,휴먼AI공학전공,5,350,70.00 : 1
2026-09-12 14:55:22,상명대,논술,데이터과학전공,3,205,68.33 : 1
2026-09-12 14:55:22,상명대,논술,컴퓨터과학전공,3,219,73.00 : 1
2026-09-12 14:55:24,국민대,논술,소프트웨어학부,7,489,69.86 : 1
2026-09-12 14:55:24,국민대,논술,인공지능학부,3,188,62.67 : 1
2026-09-12 19:22:57,연세대학교(미래),교과우수자,소프트웨어학부,18,106,5.89 : 1
2026-09-12 19:22:58,고려대학교(세종),크림슨인재전형,전자및정보공학과,33,152,4.61 : 1
2026-09-12 19:22:59,고려대학교(세종),크림슨인재전형,인공지능사이버보안학과,16,131,8.19 : 1
2026-09-12 19:22:59,고려대학교(세종),크림슨인재전형,컴퓨터소프트웨어학과,20,95,4.75 : 1
2026-09-12 19:23:01,고려대학교(세종),논술,전자및정보공학과,21,111,5.29 : 1
2026-09-12 19:23:02,고려대학교(세종),논술,인공지능사이버보안학과,10,48,4.80 : 1
2026-09-12 19:23:02,고려대학교(세종),논술,컴퓨터소프트웨어학과,13,61,4.69 : 1
2026-09-12 19:23:03,상명대,논술,휴먼AI공학전공,5,350,70.00 : 1
2026-09-12 19:23:04,상명대,논술,데이터과학전공,3,205,68.33 : 1
2026-09-12 19:23:05,상명대,논술,컴퓨터과학전공,3,219,73.00 : 1
2026-09-12 19:23:06,국민대,논술,소프트웨어학부,7,489,69.86 : 1
2026-09-12 19:23:08,국민대,논술,인공지능학부,3,188,62.67 : 1
2026-09-12 22:39:41,연세대학교(미래),교과우수자,소프트웨어학부,18,106,5.89 : 1
2026-09-12 22:39:42,고려대학교(세종),크림슨인재전형,전자및정보공학과,33,152,4.61 : 1
2026-09-12 22:39:42,고려대학교(세종),크림슨인재전형,인공지능사이버보안학과,16,131,8.19 : 1
2026-09-12 22:39:43,고려대학교(세종),크림슨인재전형,컴퓨터소프트웨어학과,20,95,4.75 : 1
2026-09-12 22:39:44,고려대학교(세종),논술,전자및정보공학과,21,111,5.29 : 1
2026-09-12 22:39:45,고려대학교(세종),논술,인공지능사이버보안학과,10,48,4.80 : 1
2026-09-12 22:39:45,고려대학교(세종),논술,컴퓨터소프트웨어학과,13,61,4.69 : 1
2026-09-12 22:39:46,상명대,논술,휴먼AI공학전공,5,350,70.00 : 1
2026-09-12 22:39:47,상명대,논술,데이터과학전공,3,205,68.33 : 1
2026-09-12 22:39:47,상명대,논술,컴퓨터과학전공,3,219,73.00 : 1
2026-09-12 22:39:48,국민대,논술,소프트웨어학부,7,489,69.86 : 1
2026-09-12 22:39:49,국민대,논술,인공지능학부,3,188,62.67 : 1
2026-09-13 01:28:43,연세대학교(미래),교과우수자,소프트웨어학부,18,106,5.89 : 1
2026-09-13 01:28:44,고려대학교(세종),크림슨인재전형,전자및정보공학과,33,152,4.61 : 1
2026-09-13 01:28:45,고려대학교(세종),크림슨인재전형,인공지능사이버보안학과,16,131,8.19 : 1
2026-09-13 01:28:46,고려대학교(세종),크림슨인재전형,컴퓨터소프트웨어학과,20,95,4.75 : 1
2026-09-13 01:28:47,고려대학교(세종),논술,전자및정보공학과,21,111,5.29 : 1
2026-09-13 01:28:48,고려대학교(세종),논술,인공지능사이버보안학과,10,48,4.80 : 1
2026-09-13 01:28:49,고려대학교(세종),논술,컴퓨터소프트웨어학과,13,61,4.69 : 1
2026-09-13 01:28:50,상명대,논술,휴먼AI공학전공,5,350,70.00 : 1
2026-09-13 01:28:51,상명대,논술,데이터과학전공,3,205,68.33 : 1
2026-09-13 01:28:52,상명대,논술,컴퓨터과학전공,3,219,73.00 : 1
2026-09-13 01:28:53,국민대,논술,소프트웨어학부,7,489,69.86 : 1
2026-09-13 01:28:55,국민대,논술,인공지능학부,3,188,62.67 : 1
2026-09-13 03:37:15,연세대학교(미래),교과우수자,소프트웨어학부,18,106,5.89 : 1
2026-09-13 03:37:16,고려대학교(세종),크림슨인재전형,전자및정보공학과,33,152,4.61 : 1
2026-09-13 03:37:17,고려대학교(세종),크림슨인재전형,인공지능사이버보안학과,16,131,8.19 : 1
2026-09-13 03:37:18,고려대학교(세종),크림슨인재전형,컴퓨터소프트웨어학과,20,95,4.75 : 1
2026-09-13 03:37:19,고려대학교(세종),논술,전자및정보공학과,21,111,5.29 : 1
2026-09-13 03:37:20,고려대학교(세종),논술,인공지능사이버보안학과,10,48,4.80 : 1
2026-09-13 03:37:21,고려대학교(세종),논술,컴퓨터소프트웨어학과,13,61,4.69 : 1
2026-09-13 03:37:21,상명대,논술,휴먼AI공학전공,5,350,70.00 : 1
2026-09-13 03:37:22,상명대,논술,데이터과학전공,3,205,68.33 : 1
2026-09-13 03:37:23,상명대,논술,컴퓨터과학전공,3,219,73.00 : 1
2026-09-13 03:37:24,국민대,논술,소프트웨어학부,7,489,69.86 : 1
2026-09-13 03:37:24,국민대,논술,인공지능학부,3,188,62.67 : 1
2026-09-13 05:56:35,연세대학교(미래),교과우수자,소프트웨어학부,18,106,5.89 : 1
2026-09-13 05:56:36,고려대학교(세종),크림슨인재전형,전자및정보공학과,33,152,4.61 : 1
2026-09-13 05:56:37,고려대학교(세종),크림슨인재전형,인공지능사이버보안학과,16,131,8.19 : 1
2026-09-13 05:56:38,고려대학교(세종),크림슨인재전형,컴퓨터소프트웨어학과,20,95,4.75 : 1
2026-09-13 05:56:39,고려대학교(세종),논술,전자및정보공학과,21,111,5.29 : 1
2026-09-13 05:56:40,고려대학교(세종),논술,인공지능사이버보안학과,10,48,4.80 : 1
2026-09-13 05:56:41,고려대학교(세종),논술,컴퓨터소프트웨어학과,13,61,4.69 : 1
2026-09-13 05:56:41,상명대,논술,휴먼AI공학전공,5,350,70.00 : 1
2026-09-13 05:56:42,상명대,논술,데이터과학전공,3,205,68.33 : 1
2026-09-13 05:56:43,상명대,논술,컴퓨터과학전공,3,219,73.00 : 1
2026-09-13 05:56:45,국민대,논술,소프트웨어학부,7,489,69.86 : 1
2026-09-13 05:56:46,국민대,논술,인공지능학부,3,188,62.67 : 1
2026-09-13 07:54:15,연세대학교(미래),교과우수자,소프트웨어학부,18,106,5.89 : 1
2026-09-13 07:54:16,고려대학교(세종),크림슨인재전형,전자및정보공학과,33,152,4.61 : 1
2026-09-13 07:54:16,고려대학교(세종),크림슨인재전형,인공지능사이버보안학과,16,131,8.19 : 1
2026-09-13 07:54:17,고려대학교(세종),크림슨인재전형,컴퓨터소프트웨어학과,20,95,4.75 : 1
2026-09-13 07:54:18,고려대학교(세종),논술,전자및정보공학과,21,111,5.29 : 1
2026-09-13 07:54:18,고려대학교(세종),논술,인공지능사이버보안학과,10,48,4.80 : 1
2026-09-13 07:54:19,고려대학교(세종),논술,컴퓨터소프트웨어학과,13,61,4.69 : 1
2026-09-13 07:54:19,상명대,논술,휴먼AI공학전공,5,350,70.00 : 1
2026-09-13 07:54:20,상명대,논술,데이터과학전공,3,205,68.33 : 1
2026-09-13 07:54:20,상명대,논술,컴퓨터과학전공,3,219,73.00 : 1
2026-09-13 07:54:21,국민대,논술,소프트웨어학부,7,489,69.86 : 1
2026-09-13 07:54:22,국민대,논술,인공지능학부,3,188,62.67 : 1
2026-09-13 09:29:49,연세대학교(미래),교과우수자,소프트웨어학부,18,106,5.89 : 1
2026-09-13 09:29:50,고려대학교(세종),크림슨인재전형,전자및정보공학과,33,152,4.61 : 1
2026-09-13 09:29:50,고려대학교(세종),크림슨인재전형,인공지능사이버보안학과,16,131,8.19 : 1
2026-09-13 09:29:51,고려대학교(세종),크림슨인재전형,컴퓨터소프트웨어학과,20,95,4.75 : 1
2026-09-13 09:29:52,고려대학교(세종),논술,전자및정보공학과,21,111,5.29 : 1
2026-09-13 09:29:53,고려대학교(세종),논술,인공지능사이버보안학과,10,48,4.80 : 1
2026-09-13 09:29:53,고려대학교(세종),논술,컴퓨터소프트웨어학과,13,61,4.69 : 1
2026-09-13 09:29:54,상명대,논술,휴먼AI공학전공,5,350,70.00 : 1
2026-09-13 09:29:54,상명대,논술,데이터과학전공,3,205,68.33 : 1
2026-09-13 09:29:55,상명대,논술,컴퓨터과학전공,3,219,73.00 : 1
2026-09-13 09:29:56,국민대,논술,소프트웨어학부,7,489,69.86 : 1
2026-09-13 09:29:57,국민대,논술,인공지능학부,3,188,62.67 : 1
2026-09-13 14:15:26,연세대학교(미래),교과우수자,소프트웨어학부,18,106,5.89 : 1
2026-09-13 14:15:27,고려대학교(세종),크림슨인재전형,전자및정보공학과,33,152,4.61 : 1
2026-09-13 14:15:28,고려대학교(세종),크림슨인재전형,인공지능사이버보안학과,16,131,8.19 : 1
2026-09-13 14:15:28,고려대학교(세종),크림슨인재전형,컴퓨터소프트웨어학과,20,95,4.75 : 1
2026-09-13 14:15:30,고려대학교(세종),논술,전자및정보공학과,21,111,5.29 : 1
2026-09-13 14:15:30,고려대학교(세종),논술,인공지능사이버보안학과,10,48,4.80 : 1
2026-09-13 14:15:31,고려대학교(세종),논술,컴퓨터소프트웨어학과,13,61,4.69 : 1
2026-09-13 14:15:32,상명대,논술,휴먼AI공학전공,5,350,70.00 : 1
2026-09-13 14:15:33,상명대,논술,데이터과학전공,3,205,68.33 : 1
2026-09-13 14:15:33,상명대,논술,컴퓨터과학전공,3,219,73.00 : 1
2026-09-13 14:15:34,국민대,논술,소프트웨어학부,7,489,69.86 : 1
2026-09-13 14:15:35,국민대,논술,인공지능학부,3,188,62.67 : 1
2026-09-13 19:22:37,연세대학교(미래),교과우수자,소프트웨어학부,18,106,5.89 : 1
2026-09-13 19:22:38,고려대학교(세종),크림슨인재전형,전자및정보공학과,33,152,4.61 : 1
2026-09-13 19:22:39,고려대학교(세종),크림슨인재전형,인공지능사이버보안학과,16,131,8.19 : 1
2026-09-13 19:22:39,고려대학교(세종),크림슨인재전형,컴퓨터소프트웨어학과,20,95,4.75 : 1
2026-09-13 19:22:41,고려대학교(세종),논술,전자및정보공학과,21,111,5.29 : 1
2026-09-13 19:22:41,고려대학교(세종),논술,인공지능사이버보안학과,10,48,4.80 : 1
2026-09-13 19:22:42,고려대학교(세종),논술,컴퓨터소프트웨어학과,13,61,4.69 : 1
2026-09-13 19:22:43,상명대,논술,휴먼AI공학전공,5,350,70.00 : 1
2026-09-13 19:22:44,상명대,논술,데이터과학전공,3,205,68.33 : 1
2026-09-13 19:22:45,상명대,논술,컴퓨터과학전공,3,219,73.00 : 1
2026-09-13 19:22:46,국민대,논술,소프트웨어학부,7,489,69.86 : 1
2026-09-13 19:22:47,국민대,논술,인공지능학부,3,188,62.67 : 1
2026-09-13 23:29:31,연세대학교(미래),교과우수자,소프트웨어학부,18,106,5.89 : 1
2026-09-13 23:29:32,고려대학교(세종),크림슨인재전형,전자및정보공학과,33,152,4.61 : 1
2026-09-13 23:29:33,고려대학교(세종),크림슨인재전형,인공지능사이버보안학과,16,131,8.19 : 1
2026-09-13 23:29:33,고려대학교(세종),크림슨인재전형,컴퓨터소프트웨어학과,20,95,4.75 : 1
2026-09-13 23:29:34,고려대학교(세종),논술,전자및정보공학과,21,111,5.29 : 1
2026-09-13 23:29:35,고려대학교(세종),논술,인공지능사이버보안학과,10,48,4.80 : 1
2026-09-13 23:29:35,고려대학교(세종),논술,컴퓨터소프트웨어학과,13,61,4.69 : 1
2026-09-13 23:29:36,상명대,논술,휴먼AI공학전공,5,350,70.00 : 1
2026-09-13 23:29:36,상명대,논술,데이터과학전공,3,205,68.33 : 1
2026-09-13 23:29:37,상명대,논술,컴퓨터과학전공,3,219,73.00 : 1
2026-09-13 23:29:38,국민대,논술,소프트웨어학부,7,489,69.86 : 1
2026-09-13 23:29:39,국민대,논술,인공지능학부,3,188,62.67 : 1
2026-09-14 02:34:13,연세대학교(미래),교과우수자,소프트웨어학부,18,106,5.89 : 1
2026-09-14 02:34:14,고려대학교(세종),크림슨인재전형,전자및정보공학과,33,152,4.61 : 1
2026-09-14 02:34:15,고려대학교(세종),크림슨인재전형,인공지능사이버보안학과,16,131,8.19 : 1
2026-09-14 02:34:16,고려대학교(세종),크림슨인재전형,컴퓨터소프트웨어학과,20,95,4.75 : 1
2026-09-14 02:34:17,고려대학교(세종),논술,전자및정보공학과,21,111,5.29 : 1
2026-09-14 02:34:18,고려대학교(세종),논술,인공지능사이버보안학과,10,48,4.80 : 1
2026-09-14 02:34:19,고려대학교(세종),논술,컴퓨터소프트웨어학과,13,61,4.69 : 1
2026-09-14 02:34:20,상명대,논술,휴먼AI공학전공,5,350,70.00 : 1
2026-09-14 02:34:21,상명대,논술,데이터과학전공,3,205,68.33 : 1
2026-09-14 02:34:22,상명대,논술,컴퓨터과학전공,3,219,73.00 : 1
2026-09-14 02:34:23,국민대,논술,소프트웨어학부,7,489,69.86 : 1
2026-09-14 02:34:24,국민대,논술,인공지능학부,3,188,62.67 : 1
2026-09-14 04:43:06,연세대학교(미래),교과우수자,소프트웨어학부,18,106,5.89 : 1
2026-09-14 04:43:07,고려대학교(세종),크림슨인재전형,전자및정보공학과,33,152,4.61 : 1
2026-09-14 04:43:07,고려대학교(세종),크림슨인재전형,인공지능사이버보안학과,16,131,8.19 : 1
2026-09-14 04:43:08,고려대학교(세종),크림슨인재전형,컴퓨터소프트웨어학과,20,95,4.75 : 1
2026-09-14 04:43:09,고려대학교(세종),논술,전자및정보공학과,21,111,5.29 : 1
2026-09-14 04:43:10,고려대학교(세종),논술,인공지능사이버보안학과,10,48,4.80 : 1
2026-09-14 04:43:11,고려대학교(세종),논술,컴퓨터소프트웨어학과,13,61,4.69 : 1
2026-09-14 04:43:11,상명대,논술,휴먼AI공학전공,5,350,70.00 : 1
2026-09-14 04:43:12,상명대,논술,데이터과학전공,3,205,68.33 : 1
2026-09-14 04:43:13,상명대,논술,컴퓨터과학전공,3,219,73.00 : 1
2026-09-14 04:43:14,국민대,논술,소프트웨어학부,7,489,69.86 : 1
2026-09-14 04:43:14,국민대,논술,인공지능학부,3,188,62.67 : 1
2026-09-14 06:43:27,연세대학교(미래),교과우수자,소프트웨어학부,18,106,5.89 : 1
2026-09-14 06:43:28,고려대학교(세종),크림슨인재전형,전자및정보공학과,33,152,4.61 : 1
2026-09-14 06:43:29,고려대학교(세종),크림슨인재전형,인공지능사이버보안학과,16,131,8.19 : 1
2026-09-14 06:43:30,고려대학교(세종),크림슨인재전형,컴퓨터소프트웨어학과,20,95,4.75 : 1
2026-09-14 06:43:31,고려대학교(세종),논술,전자및정보공학과,21,111,5.29 : 1
2026-09-14 06:43:31,고려대학교(세종),논술,인공지능사이버보안학과,10,48,4.80 : 1
2026-09-14 06:43:32,고려대학교(세종),논술,컴퓨터소프트웨어학과,13,61,4.69 : 1
2026-09-14 06:43:33,상명대,논술,휴먼AI공학전공,5,350,70.00 : 1
2026-09-14 06:43:33,상명대,논술,데이터과학전공,3,205,68.33 : 1
2026-09-14 06:43:34,상명대,논술,컴퓨터과학전공,3,219,73.00 : 1
2026-09-14 06:43:35,국민대,논술,소프트웨어학부,7,489,69.86 : 1
2026-09-14 06:43:36,국민대,논술,인공지능학부,3,188,62.67 : 1
2026-09-14 08:34:19,연세대학교(미래),교과우수자,소프트웨어학부,18,106,5.89 : 1
2026-09-14 08:34:20,고려대학교(세종),크림슨인재전형,전자및정보공학과,33,152,4.61 : 1
2026-09-14 08:34:21,고려대학교(세종),크림슨인재전형,인공지능사이버보안학과,16,131,8.19 : 1
2026-09-14 08:34:22,고려대학교(세종),크림슨인재전형,컴퓨터소프트웨어학과,20,95,4.75 : 1
2026-09-14 08:34:23,고려대학교(세종),논술,전자및정보공학과,21,111,5.29 : 1
2026-09-14 08:34:24,고려대학교(세종),논술,인공지능사이버보안학과,10,48,4.80 : 1
2026-09-14 08:34:25,고려대학교(세종),논술,컴퓨터소프트웨어학과,13,61,4.69 : 1
2026-09-14 08:34:26,상명대,논술,휴먼AI공학전공,5,350,70.00 : 1
2026-09-14 08:34:27,상명대,논술,데이터과학전공,3,205,68.33 : 1
2026-09-14 08:34:27,상명대,논술,컴퓨터과학전공,3,219,73.00 : 1
2026-09-14 08:34:29,국민대,논술,소프트웨어학부,7,489,69.86 : 1
2026-09-14 08:34:30,국민대,논술,인공지능학부,3,188,62.67 : 1
2026-09-14 10:33:47,연세대학교(미래),교과우수자,소프트웨어학부,18,106,5.89 : 1
2026-09-14 10:33:48,고려대학교(세종),크림슨인재전형,전자및정보공학과,33,152,4.61 : 1
2026-09-14 10:33:49,고려대학교(세종),크림슨인재전형,인공지능사이버보안학과,16,131,8.19 : 1
2026-09-14 10:33:49,고려대학교(세종),크림슨인재전형,컴퓨터소프트웨어학과,20,95,4.75 : 1
2026-09-14 10:33:50,고려대학교(세종),논술,전자및정보공학과,21,111,5.29 : 1
2026-09-14 10:33:51,고려대학교(세종),논술,인공지능사이버보안학과,10,48,4.80 : 1
2026-09-14 10:33:52,고려대학교(세종),논술,컴퓨터소프트웨어학과,13,61,4.69 : 1
2026-09-14 10:33:53,상명대,논술,휴먼AI공학전공,5,350,70.00 : 1
2026-09-14 10:33:54,상명대,논술,데이터과학전공,3,205,68.33 : 1
2026-09-14 10:33:55,상명대,논술,컴퓨터과학전공,3,219,73.00 : 1
2026-09-14 10:33:56,국민대,논술,소프트웨어학부,7,489,69.86 : 1
2026-09-14 10:33:57,국민대,논술,인공지능학부,3,188,62.67 : 1
2026-09-14 15:58:34,연세대학교(미래),교과우수자,소프트웨어학부,18,106,5.89 : 1
2026-09-14 15:58:35,고려대학교(세종),크림슨인재전형,전자및정보공학과,33,152,4.61 : 1
2026-09-14 15:58:36,고려대학교(세종),크림슨인재전형,인공지능사이버보안학과,16,131,8.19 : 1
2026-09-14 15:58:37,고려대학교(세종),크림슨인재전형,컴퓨터소프트웨어학과,20,95,4.75 : 1
2026-09-14 15:58:38,고려대학교(세종),논술,전자및정보공학과,21,111,5.29 : 1
2026-09-14 15:58:38,고려대학교(세종),논술,인공지능사이버보안학과,10,48,4.80 : 1
2026-09-14 15:58:39,고려대학교(세종),논술,컴퓨터소프트웨어학과,13,61,4.69 : 1
2026-09-14 15:58:40,상명대,논술,휴먼AI공학전공,5,350,70.00 : 1
2026-09-14 15:58:41,상명대,논술,데이터과학전공,3,205,68.33 : 1
2026-09-14 15:58:42,상명대,논술,컴퓨터과학전공,3,219,73.00 : 1
2026-09-14 15:58:43,국민대,논술,소프트웨어학부,7,489,69.86 : 1
2026-09-14 15:58:44,국민대,논술,인공지능학부,3,188,62.67 : 1
2026-09-14 22:46:51,연세대학교(미래),교과우수자,소프트웨어학부,18,106,5.89 : 1
2026-09-14 22:46:52,고려대학교(세종),크림슨인재전형,전자및정보공학과,33,152,4.61 : 1
2026-09-14 22:46:52,고려대학교(세종),크림슨인재전형,인공지능사이버보안학과,16,131,8.19 : 1
2026-09-14 22:46:53,고려대학교(세종),크림슨인재전형,컴퓨터소프트웨어학과,20,95,4.75 : 1
2026-09-14 22:46:55,고려대학교(세종),논술,전자및정보공학과,21,111,5.29 : 1
2026-09-14 22:46:56,고려대학교(세종),논술,인공지능사이버보안학과,10,48,4.80 : 1
2026-09-14 22:46:57,고려대학교(세종),논술,컴퓨터소프트웨어학과,13,61,4.69 : 1
2026-09-14 22:46:58,상명대,논술,휴먼AI공학전공,5,350,70.00 : 1
2026-09-14 22:46:58,상명대,논술,데이터과학전공,3,205,68.33 : 1
2026-09-14 22:46:59,상명대,논술,컴퓨터과학전공,3,219,73.00 : 1
2026-09-14 22:47:00,국민대,논술,소프트웨어학부,7,489,69.86 : 1
2026-09-14 22:47:02,국민대,논술,인공지능학부,3,188,62.67 : 1
2026-09-15 03:54:37,연세대학교(미래),교과우수자,소프트웨어학부,18,106,5.89 : 1
2026-09-15 03:54:38,고려대학교(세종),크림슨인재전형,전자및정보공학과,33,152,4.61 : 1
2026-09-15 03:54:39,고려대학교(세종),크림슨인재전형,인공지능사이버보안학과,16,131,8.19 : 1
2026-09-15 03:54:40,고려대학교(세종),크림슨인재전형,컴퓨터소프트웨어학과,20,95,4.75 : 1
2026-09-15 03:54:41,고려대학교(세종),논술,전자및정보공학과,21,111,5.29 : 1
2026-09-15 03:54:42,고려대학교(세종),논술,인공지능사이버보안학과,10,48,4.80 : 1
2026-09-15 03:54:43,고려대학교(세종),논술,컴퓨터소프트웨어학과,13,61,4.69 : 1
2026-09-15 03:54:44,상명대,논술,휴먼AI공학전공,5,350,70.00 : 1
2026-09-15 03:54:45,상명대,논술,데이터과학전공,3,205,68.33 : 1
2026-09-15 03:54:46,상명대,논술,컴퓨터과학전공,3,219,73.00 : 1
2026-09-15 03:54:47,국민대,논술,소프트웨어학부,7,489,69.86 : 1
2026-09-15 03:54:48,국민대,논술,인공지능학부,3,188,62.67 : 1
2026-09-15 07:21:49,연세대학교(미래),교과우수자,소프트웨어학부,18,106,5.89 : 1
2026-09-15 07:21:50,고려대학교(세종),크림슨인재전형,전자및정보공학과,33,152,4.61 : 1
2026-09-15 07:21:50,고려대학교(세종),크림슨인재전형,인공지능사이버보안학과,16,131,8.19 : 1
2026-09-15 07:21:51,고려대학교(세종),크림슨인재전형,컴퓨터소프트웨어학과,20,95,4.75 : 1
2026-09-15 07:21:52,고려대학교(세종),논술,전자및정보공학과,21,111,5.29 : 1
2026-09-15 07:21:53,고려대학교(세종),논술,인공지능사이버보안학과,10,48,4.80 : 1
2026-09-15 07:21:54,고려대학교(세종),논술,컴퓨터소프트웨어학과,13,61,4.69 : 1
2026-09-15 07:21:55,상명대,논술,휴먼AI공학전공,5,350,70.00 : 1
2026-09-15 07:21:56,상명대,논술,데이터과학전공,3,205,68.33 : 1
2026-09-15 07:21:56,상명대,논술,컴퓨터과학전공,3,219,73.00 : 1
2026-09-15 07:21:58,국민대,논술,소프트웨어학부,7,489,69.86 : 1
2026-09-15 07:21:59,국민대,논술,인공지능학부,3,188,62.67 : 1
2026-09-15 09:42:27,연세대학교(미래),교과우수자,소프트웨어학부,18,106,5.89 : 1
2026-09-15 09:42:28,고려대학교(세종),크림슨인재전형,전자및정보공학과,33,152,4.61 : 1
2026-09-15 09:42:29,고려대학교(세종),크림슨인재전형,인공지능사이버보안학과,16,131,8.19 : 1
2026-09-15 09:42:30,고려대학교(세종),크림슨인재전형,컴퓨터소프트웨어학과,20,95,4.75 : 1
2026-09-15 09:42:31,고려대학교(세종),논술,전자및정보공학과,21,111,5.29 : 1
2026-09-15 09:42:32,고려대학교(세종),논술,인공지능사이버보안학과,10,48,4.80 : 1
2026-09-15 09:42:33,고려대학교(세종),논술,컴퓨터소프트웨어학과,13,61,4.69 : 1
2026-09-15 09:42:34,상명대,논술,휴먼AI공학전공,5,350,70.00 : 1
2026-09-15 09:42:34,상명대,논술,데이터과학전공,3,205,68.33 : 1
2026-09-15 09:42:35,상명대,논술,컴퓨터과학전공,3,219,73.00 : 1
2026-09-15 09:42:37,국민대,논술,소프트웨어학부,7,489,69.86 : 1
2026-09-15 09:42:38,국민대,논술,인공지능학부,3,188,62.67 : 1
2026-09-15 14:24:04,연세대학교(미래),교과우수자,소프트웨어학부,18,106,5.89 : 1
2026-09-15 14:24:05,고려대학교(세종),크림슨인재전형,전자및정보공학과,33,152,4.61 : 1
2026-09-15 14:24:05,고려대학교(세종),크림슨인재전형,인공지능사이버보안학과,16,131,8.19 : 1
2026-09-15 14:24:06,고려대학교(세종),크림슨인재전형,컴퓨터소프트웨어학과,20,95,4.75 : 1
2026-09-15 14:24:07,고려대학교(세종),논술,전자및정보공학과,21,111,5.29 : 1
2026-09-15 14:24:07,고려대학교(세종),논술,인공지능사이버보안학과,10,48,4.80 : 1
2026-09-15 14:24:08,고려대학교(세종),논술,컴퓨터소프트웨어학과,13,61,4.69 : 1
2026-09-15 14:24:09,상명대,논술,휴먼AI공학전공,5,350,70.00 : 1
2026-09-15 14:24:09,상명대,논술,데이터과학전공,3,205,68.33 : 1
2026-09-15 14:24:10,상명대,논술,컴퓨터과학전공,3,219,73.00 : 1
2026-09-15 14:24:11,국민대,논술,소프트웨어학부,7,489,69.86 : 1
2026-09-15 14:24:12,국민대,논술,인공지능학부,3,188,62.67 : 1
2026-09-15 19:14:11,연세대학교(미래),교과우수자,소프트웨어학부,18,106,5.89 : 1
2026-09-15 19:14:12,고려대학교(세종),크림슨인재전형,전자및정보공학과,33,152,4.61 : 1
2026-09-15 19:14:13,고려대학교(세종),크림슨인재전형,인공지능사이버보안학과,16,131,8.19 : 1
2026-09-15 19:14:14,고려대학교(세종),크림슨인재전형,컴퓨터소프트웨어학과,20,95,4.75 : 1
2026-09-15 19:14:15,고려대학교(세종),논술,전자및정보공학과,21,111,5.29 : 1
2026-09-15 19:14:15,고려대학교(세종),논술,인공지능사이버보안학과,10,48,4.80 : 1
2026-09-15 19:14:16,고려대학교(세종),논술,컴퓨터소프트웨어학과,13,61,4.69 : 1
2026-09-15 19:14:16,상명대,논술,휴먼AI공학전공,5,350,70.00 : 1
2026-09-15 19:14:17,상명대,논술,데이터과학전공,3,205,68.33 : 1
2026-09-15 19:14:18,상명대,논술,컴퓨터과학전공,3,219,73.00 : 1
2026-09-15 19:14:19,국민대,논술,소프트웨어학부,7,489,69.86 : 1
2026-09-15 19:14:20,국민대,논술,인공지능학부,3,188,62.67 : 1
2026-09-16 00:02:07,연세대학교(미래),교과우수자,소프트웨어학부,18,106,5.89 : 1
2026-09-16 00:02:08,고려대학교(세종),크림슨인재전형,전자및정보공학과,33,152,4.61 : 1
2026-09-16 00:02:08,고려대학교(세종),크림슨인재전형,인공지능사이버보안학과,16,131,8.19 : 1
2026-09-16 00:02:09,고려대학교(세종),크림슨인재전형,컴퓨터소프트웨어학과,20,95,4.75 : 1
2026-09-16 00:02:10,고려대학교(세종),논술,전자및정보공학과,21,111,5.29 : 1
2026-09-16 00:02:11,고려대학교(세종),논술,인공지능사이버보안학과,10,48,4.80 : 1
2026-09-16 00:02:12,고려대학교(세종),논술,컴퓨터소프트웨어학과,13,61,4.69 : 1
2026-09-16 00:02:12,상명대,논술,휴먼AI공학전공,5,350,70.00 : 1
2026-09-16 00:02:13,상명대,논술,데이터과학전공,3,205,68.33 : 1
2026-09-16 00:02:14,상명대,논술,컴퓨터과학전공,3,219,73.00 : 1
2026-09-16 00:02:15,국민대,논술,소프트웨어학부,7,489,69.86 : 1
2026-09-16 00:02:16,국민대,논술,인공지능학부,3,188,62.67 : 1
2026-09-16 03:53:40,연세대학교(미래),교과우수자,소프트웨어학부,18,106,5.89 : 1
2026-09-16 03:53:41,고려대학교(세종),크림슨인재전형,전자및정보공학과,33,152,4.61 : 1
2026-09-16 03:53:42,고려대학교(세종),크림슨인재전형,인공지능사이버보안학과,16,131,8.19 : 1
2026-09-16 03:53:43,고려대학교(세종),크림슨인재전형,컴퓨터소프트웨어학과,20,95,4.75 : 1
2026-09-16 03:53:44,고려대학교(세종),논술,전자및정보공학과,21,111,5.29 : 1
2026-09-16 03:53:45,고려대학교(세종),논술,인공지능사이버보안학과,10,48,4.80 : 1
2026-09-16 03:53:46,고려대학교(세종),논술,컴퓨터소프트웨어학과,13,61,4.69 : 1
2026-09-16 03:53:47,상명대,논술,휴먼AI공학전공,5,350,70.00 : 1
2026-09-16 03:53:47,상명대,논술,데이터과학전공,3,205,68.33 : 1
2026-09-16 03:53:48,상명대,논술,컴퓨터과학전공,3,219,73.00 : 1
2026-09-16 03:53:49,국민대,논술,소프트웨어학부,7,489,69.86 : 1
2026-09-16 03:53:50,국민대,논술,인공지능학부,3,188,62.67 : 1
2026-09-16 06:48:53,연세대학교(미래),교과우수자,소프트웨어학부,18,106,5.89 : 1
2026-09-16 06:48:54,고려대학교(세종),크림슨인재전형,전자및정보공학과,33,152,4.61 : 1
2026-09-16 06:48:55,고려대학교(세종),크림슨인재전형,인공지능사이버보안학과,16,131,8.19 : 1
2026-09-16 06:48:56,고려대학교(세종),크림슨인재전형,컴퓨터소프트웨어학과,20,95,4.75 : 1
2026-09-16 06:48:57,고려대학교(세종),논술,전자및정보공학과,21,111,5.29 : 1
2026-09-16 06:48:58,고려대학교(세종),논술,인공지능사이버보안학과,10,48,4.80 : 1
2026-09-16 06:48:59,고려대학교(세종),논술,컴퓨터소프트웨어학과,13,61,4.69 : 1
2026-09-16 06:48:59,상명대,논술,휴먼AI공학전공,5,350,70.00 : 1
2026-09-16 06:49:00,상명대,논술,데이터과학전공,3,205,68.33 : 1
2026-09-16 06:49:00,상명대,논술,컴퓨터과학전공,3,219,73.00 : 1
2026-09-16 06:49:01,국민대,논술,소프트웨어학부,7,489,69.86 : 1
2026-09-16 06:49:03,국민대,논술,인공지능학부,3,188,62.67 : 1
2026-09-16 08:45:59,연세대학교(미래),교과우수자,소프트웨어학부,18,106,5.89 : 1
2026-09-16 08:46:00,고려대학교(세종),크림슨인재전형,전자및정보공학과,33,152,4.61 : 1
2026-09-16 08:46:01,고려대학교(세종),크림슨인재전형,인공지능사이버보안학과,16,131,8.19 : 1
2026-09-16 08:46:01,고려대학교(세종),크림슨인재전형,컴퓨터소프트웨어학과,20,95,4.75 : 1
2026-09-16 08:46:02,고려대학교(세종),논술,전자및정보공학과,21,111,5.29 : 1
2026-09-16 08:46:03,고려대학교(세종),논술,인공지능사이버보안학과,10,48,4.80 : 1
2026-09-16 08:46:04,고려대학교(세종),논술,컴퓨터소프트웨어학과,13,61,4.69 : 1
2026-09-16 08:46:04,상명대,논술,휴먼AI공학전공,5,350,70.00 : 1
2026-09-16 08:46:05,상명대,논술,데이터과학전공,3,205,68.33 : 1
2026-09-16 08:46:05,상명대,논술,컴퓨터과학전공,3,219,73.00 : 1
2026-09-16 08:46:06,국민대,논술,소프트웨어학부,7,489,69.86 : 1
2026-09-16 08:46:07,국민대,논술,인공지능학부,3,188,62.67 : 1
2026-09-16 10:46:17,연세대학교(미래),교과우수자,소프트웨어학부,18,106,5.89 : 1
2026-09-16 10:46:18,고려대학교(세종),크림슨인재전형,전자및정보공학과,33,152,4.61 : 1
2026-09-16 10:46:19,고려대학교(세종),크림슨인재전형,인공지능사이버보안학과,16,131,8.19 : 1
2026-09-16 10:46:19,고려대학교(세종),크림슨인재전형,컴퓨터소프트웨어학과,20,95,4.75 : 1
2026-09-16 10:46:20,고려대학교(세종),논술,전자및정보공학과,21,111,5.29 : 1
2026-09-16 10:46:21,고려대학교(세종),논술,인공지능사이버보안학과,10,48,4.80 : 1
2026-09-16 10:46:22,고려대학교(세종),논술,컴퓨터소프트웨어학과,13,61,4.69 : 1
2026-09-16 10:46:23,상명대,논술,휴먼AI공학전공,5,350,70.00 : 1
2026-09-16 10:46:24,상명대,논술,데이터과학전공,3,205,68.33 : 1
2026-09-16 10:46:24,상명대,논술,컴퓨터과학전공,3,219,73.00 : 1
2026-09-16 10:46:25,국민대,논술,소프트웨어학부,7,489,69.86 : 1
2026-09-16 10:46:26,국민대,논술,인공지능학부,3,188,62.67 : 1
2026-09-16 15:51:52,연세대학교(미래),교과우수자,소프트웨어학부,18,106,5.89 : 1
2026-09-16 15:51:53,고려대학교(세종),크림슨인재전형,전자및정보공학과,33,152,4.61 : 1
2026-09-16 15:51:54,고려대학교(세종),크림슨인재전형,인공지능사이버보안학과,16,131,8.19 : 1
2026-09-16 15:51:55,고려대학교(세종),크림슨인재전형,컴퓨터소프트웨어학과,20,95,4.75 : 1
2026-09-16 15:51:56,고려대학교(세종),논술,전자및정보공학과,21,111,5.29 : 1
2026-09-16 15:51:57,고려대학교(세종),논술,인공지능사이버보안학과,10,48,4.80 : 1
2026-09-16 15:51:58,고려대학교(세종),논술,컴퓨터소프트웨어학과,13,61,4.69 : 1
2026-09-16 15:51:59,상명대,논술,휴먼AI공학전공,5,350,70.00 : 1
2026-09-16 15:52:00,상명대,논술,데이터과학전공,3,205,68.33 : 1
2026-09-16 15:52:00,상명대,논술,컴퓨터과학전공,3,219,73.00 : 1
2026-09-16 15:52:02,국민대,논술,소프트웨어학부,7,489,69.86 : 1
2026-09-16 15:52:03,국민대,논술,인공지능학부,3,188,62.67 : 1
2026-09-16 21:14:12,연세대학교(미래),교과우수자,소프트웨어학부,18,106,5.89 : 1
2026-09-16 21:14:13,고려대학교(세종),크림슨인재전형,전자및정보공학과,33,152,4.61 : 1
2026-09-16 21:14:13,고려대학교(세종),크림슨인재전형,인공지능사이버보안학과,16,131,8.19 : 1
2026-09-16 21:14:14,고려대학교(세종),크림슨인재전형,컴퓨터소프트웨어학과,20,95,4.75 : 1
2026-09-16 21:14:15,고려대학교(세종),논술,전자및정보공학과,21,111,5.29 : 1
2026-09-16 21:14:16,고려대학교(세종),논술,인공지능사이버보안학과,10,48,4.80 : 1
2026-09-16 21:14:16,고려대학교(세종),논술,컴퓨터소프트웨어학과,13,61,4.69 : 1
2026-09-16 21:14:17,상명대,논술,휴먼AI공학전공,5,350,70.00 : 1
2026-09-16 21:14:18,상명대,논술,데이터과학전공,3,205,68.33 : 1
2026-09-16 21:14:18,상명대,논술,컴퓨터과학전공,3,219,73.00 : 1
2026-09-16 21:14:19,국민대,논술,소프트웨어학부,7,489,69.86 : 1
2026-09-16 21:14:20,국민대,논술,인공지능학부,3,188,62.67 : 1
2026-09-17 01:59:33,연세대학교(미래),교과우수자,소프트웨어학부,18,106,5.89 : 1
2026-09-17 01:59:34,고려대학교(세종),크림슨인재전형,전자및정보공학과,33,152,4.61 : 1
2026-09-17 01:59:35,고려대학교(세종),크림슨인재전형,인공지능사이버보안학과,16,131,8.19 : 1
2026-09-17 01:59:35,고려대학교(세종),크림슨인재전형,컴퓨터소프트웨어학과,20,95,4.75 : 1
2026-09-17 01:59:36,고려대학교(세종),논술,전자및정보공학과,21,111,5.29 : 1
2026-09-17 01:59:37,고려대학교(세종),논술,인공지능사이버보안학과,10,48,4.80 : 1
2026-09-17 01:59:38,고려대학교(세종),논술,컴퓨터소프트웨어학과,13,61,4.69 : 1
2026-09-17 01:59:39,상명대,논술,휴먼AI공학전공,5,350,70.00 : 1
2026-09-17 01:59:40,상명대,논술,데이터과학전공,3,205,68.33 : 1
2026-09-17 01:59:41,상명대,논술,컴퓨터과학전공,3,219,73.00 : 1
2026-09-17 01:59:42,국민대,논술,소프트웨어학부,7,489,69.86 : 1
2026-09-17 01:59:43,국민대,논술,인공지능학부,3,188,62.67 : 1
2026-09-17 04:55:26,연세대학교(미래),교과우수자,소프트웨어학부,18,106,5.89 : 1
2026-09-17 04:55:27,고려대학교(세종),크림슨인재전형,전자및정보공학과,33,152,4.61 : 1
2026-09-17 04:55:27,고려대학교(세종),크림슨인재전형,인공지능사이버보안학과,16,131,8.19 : 1
2026-09-17 04:55:28,고려대학교(세종),크림슨인재전형,컴퓨터소프트웨어학과,20,95,4.75 : 1
2026-09-17 04:55:29,고려대학교(세종),논술,전자및정보공학과,21,111,5.29 : 1
2026-09-17 04:55:30,고려대학교(세종),논술,인공지능사이버보안학과,10,48,4.80 : 1
2026-09-17 04:55:31,고려대학교(세종),논술,컴퓨터소프트웨어학과,13,61,4.69 : 1
2026-09-17 04:55:32,상명대,논술,휴먼AI공학전공,5,350,70.00 : 1
2026-09-17 04:55:32,상명대,논술,데이터과학전공,3,205,68.33 : 1
2026-09-17 04:55:33,상명대,논술,컴퓨터과학전공,3,219,73.00 : 1
2026-09-17 04:55:34,국민대,논술,소프트웨어학부,7,489,69.86 : 1
2026-09-17 04:55:35,국민대,논술,인공지능학부,3,188,62.67 : 1
2026-09-17 07:46:24,연세대학교(미래),교과우수자,소프트웨어학부,18,106,5.89 : 1
2026-09-17 07:46:25,고려대학교(세종),크림슨인재전형,전자및정보공학과,33,152,4.61 : 1
2026-09-17 07:46:26,고려대학교(세종),크림슨인재전형,인공지능사이버보안학과,16,131,8.19 : 1
2026-09-17 07:46:27,고려대학교(세종),크림슨인재전형,컴퓨터소프트웨어학과,20,95,4.75 : 1
2026-09-17 07:46:28,고려대학교(세종),논술,전자및정보공학과,21,111,5.29 : 1
2026-09-17 07:46:29,고려대학교(세종),논술,인공지능사이버보안학과,10,48,4.80 : 1
2026-09-17 07:46:30,고려대학교(세종),논술,컴퓨터소프트웨어학과,13,61,4.69 : 1
2026-09-17 07:46:31,상명대,논술,휴먼AI공학전공,5,350,70.00 : 1
2026-09-17 07:46:32,상명대,논술,데이터과학전공,3,205,68.33 : 1
2026-09-17 07:46:33,상명대,논술,컴퓨터과학전공,3,219,73.00 : 1
2026-09-17 07:46:33,국민대,논술,소프트웨어학부,7,489,69.86 : 1
2026-09-17 07:46:35,국민대,논술,인공지능학부,3,188,62.67 : 1
2026-09-17 09:54:52,연세대학교(미래),교과우수자,소프트웨어학부,18,106,5.89 : 1
2026-09-17 09:54:52,고려대학교(세종),크림슨인재전형,전자및정보공학과,33,152,4.61 : 1
2026-09-17 09:54:53,고려대학교(세종),크림슨인재전형,인공지능사이버보안학과,16,131,8.19 : 1
2026-09-17 09:54:54,고려대학교(세종),크림슨인재전형,컴퓨터소프트웨어학과,20,95,4.75 : 1
2026-09-17 09:54:55,고려대학교(세종),논술,전자및정보공학과,21,111,5.29 : 1
2026-09-17 09:54:56,고려대학교(세종),논술,인공지능사이버보안학과,10,48,4.80 : 1
2026-09-17 09:54:57,고려대학교(세종),논술,컴퓨터소프트웨어학과,13,61,4.69 : 1
2026-09-17 09:54:58,상명대,논술,휴먼AI공학전공,5,350,70.00 : 1
2026-09-17 09:54:58,상명대,논술,데이터과학전공,3,205,68.33 : 1
2026-09-17 09:54:59,상명대,논술,컴퓨터과학전공,3,219,73.00 : 1
2026-09-17 09:55:00,국민대,논술,소프트웨어학부,7,489,69.86 : 1
2026-09-17 09:55:01,국민대,논술,인공지능학부,3,188,62.67 : 1
2026-09-17 14:54:38,연세대학교(미래),교과우수자,소프트웨어학부,18,106,5.89 : 1
2026-09-17 14:54:39,고려대학교(세종),크림슨인재전형,전자및정보공학과,33,152,4.61 : 1
2026-09-17 14:54:40,고려대학교(세종),크림슨인재전형,인공지능사이버보안학과,16,131,8.19 : 1
2026-09-17 14:54:41,고려대학교(세종),크림슨인재전형,컴퓨터소프트웨어학과,20,95,4.75 : 1
2026-09-17 14:54:42,고려대학교(세종),논술,전자및정보공학과,21,111,5.29 : 1
2026-09-17 14:54:43,고려대학교(세종),논술,인공지능사이버보안학과,10,48,4.80 : 1
2026-09-17 14:54:43,고려대학교(세종),논술,컴퓨터소프트웨어학과,13,61,4.69 : 1
2026-09-17 14:54:44,상명대,논술,휴먼AI공학전공,5,350,70.00 : 1
2026-09-17 14:54:45,상명대,논술,데이터과학전공,3,205,68.33 : 1
2026-09-17 14:54:46,상명대,논술,컴퓨터과학전공,3,219,73.00 : 1
2026-09-17 14:54:47,국민대,논술,소프트웨어학부,7,489,69.86 : 1
2026-09-17 14:54:48,국민대,논술,인공지능학부,3,188,62.67 : 1
2026-09-17 19:38:26,연세대학교(미래),교과우수자,소프트웨어학부,18,106,5.89 : 1
2026-09-17 19:38:27,고려대학교(세종),크림슨인재전형,전자및정보공학과,33,152,4.61 : 1
2026-09-17 19:38:28,고려대학교(세종),크림슨인재전형,인공지능사이버보안학과,16,131,8.19 : 1
2026-09-17 19:38:28,고려대학교(세종),크림슨인재전형,컴퓨터소프트웨어학과,20,95,4.75 : 1
2026-09-17 19:38:29,고려대학교(세종),논술,전자및정보공학과,21,111,5.29 : 1
2026-09-17 19:38:30,고려대학교(세종),논술,인공지능사이버보안학과,10,48,4.80 : 1
2026-09-17 19:38:30,고려대학교(세종),논술,컴퓨터소프트웨어학과,13,61,4.69 : 1
2026-09-17 19:38:31,상명대,논술,휴먼AI공학전공,5,350,70.00 : 1
2026-09-17 19:38:31,상명대,논술,데이터과학전공,3,205,68.33 : 1
2026-09-17 19:38:32,상명대,논술,컴퓨터과학전공,3,219,73.00 : 1
2026-09-17 19:38:33,국민대,논술,소프트웨어학부,7,489,69.86 : 1
2026-09-17 19:38:34,국민대,논술,인공지능학부,3,188,62.67 : 1
2026-09-18 00:18:25,연세대학교(미래),교과우수자,소프트웨어학부,18,106,5.89 : 1
2026-09-18 00:18:25,고려대학교(세종),크림슨인재전형,전자및정보공학과,33,152,4.61 : 1
2026-09-18 00:18:26,고려대학교(세종),크림슨인재전형,인공지능사이버보안학과,16,131,8.19 : 1
2026-09-18 00:18:27,고려대학교(세종),크림슨인재전형,컴퓨터소프트웨어학과,20,95,4.75 : 1
2026-09-18 00:18:28,고려대학교(세종),논술,전자및정보공학과,21,111,5.29 : 1
2026-09-18 00:18:29,고려대학교(세종),논술,인공지능사이버보안학과,10,48,4.80 : 1
2026-09-18 00:18:29,고려대학교(세종),논술,컴퓨터소프트웨어학과,13,61,4.69 : 1
2026-09-18 00:18:30,상명대,논술,휴먼AI공학전공,5,350,70.00 : 1
2026-09-18 00:18:30,상명대,논술,데이터과학전공,3,205,68.33 : 1
2026-09-18 00:18:31,상명대,논술,컴퓨터과학전공,3,219,73.00 : 1
2026-09-18 00:18:32,국민대,논술,소프트웨어학부,7,489,69.86 : 1
2026-09-18 00:18:33,국민대,논술,인공지능학부,3,188,62.67 : 1
2026-09-18 04:06:23,연세대학교(미래),교과우수자,소프트웨어학부,18,106,5.89 : 1
2026-09-18 04:06:24,고려대학교(세종),크림슨인재전형,전자및정보공학과,33,152,4.61 : 1
2026-09-18 04:06:24,고려대학교(세종),크림슨인재전형,인공지능사이버보안학과,16,131,8.19 : 1
2026-09-18 04:06:25,고려대학교(세종),크림슨인재전형,컴퓨터소프트웨어학과,20,95,4.75 : 1
2026-09-18 04:06:26,고려대학교(세종),논술,전자및정보공학과,21,111,5.29 : 1
2026-09-18 04:06:26,고려대학교(세종),논술,인공지능사이버보안학과,10,48,4.80 : 1
2026-09-18 04:06:27,고려대학교(세종),논술,컴퓨터소프트웨어학과,13,61,4.69 : 1
2026-09-18 04:06:28,상명대,논술,휴먼AI공학전공,5,350,70.00 : 1
2026-09-18 04:06:28,상명대,논술,데이터과학전공,3,205,68.33 : 1
2026-09-18 04:06:29,상명대,논술,컴퓨터과학전공,3,219,73.00 : 1
2026-09-18 04:06:30,국민대,논술,소프트웨어학부,7,489,69.86 : 1
2026-09-18 04:06:31,국민대,논술,인공지능학부,3,188,62.67 : 1
2026-09-18 07:07:30,연세대학교(미래),교과우수자,소프트웨어학부,18,106,5.89 : 1
2026-09-18 07:07:31,고려대학교(세종),크림슨인재전형,전자및정보공학과,33,152,4.61 : 1
2026-09-18 07:07:31,고려대학교(세종),크림슨인재전형,인공지능사이버보안학과,16,131,8.19 : 1
2026-09-18 07:07:32,고려대학교(세종),크림슨인재전형,컴퓨터소프트웨어학과,20,95,4.75 : 1
2026-09-18 07:07:33,고려대학교(세종),논술,전자및정보공학과,21,111,5.29 : 1
2026-09-18 07:07:34,고려대학교(세종),논술,인공지능사이버보안학과,10,48,4.80 : 1
2026-09-18 07:07:34,고려대학교(세종),논술,컴퓨터소프트웨어학과,13,61,4.69 : 1
2026-09-18 07:07:35,상명대,논술,휴먼AI공학전공,5,350,70.00 : 1
2026-09-18 07:07:36,상명대,논술,데이터과학전공,3,205,68.33 : 1
2026-09-18 07:07:36,상명대,논술,컴퓨터과학전공,3,219,73.00 : 1
2026-09-18 07:07:37,국민대,논술,소프트웨어학부,7,489,69.86 : 1
2026-09-18 07:07:38,국민대,논술,인공지능학부,3,188,62.67 : 1
2026-09-18 09:14:00,연세대학교(미래),교과우수자,소프트웨어학부,18,106,5.89 : 1
2026-09-18 09:14:01,고려대학교(세종),크림슨인재전형,전자및정보공학과,33,152,4.61 : 1
2026-09-18 09:14:02,고려대학교(세종),크림슨인재전형,인공지능사이버보안학과,16,131,8.19 : 1
2026-09-18 09:14:03,고려대학교(세종),크림슨인재전형,컴퓨터소프트웨어학과,20,95,4.75 : 1
2026-09-18 09:14:04,고려대학교(세종),논술,전자및정보공학과,21,111,5.29 : 1
2026-09-18 09:14:04,고려대학교(세종),논술,인공지능사이버보안학과,10,48,4.80 : 1
2026-09-18 09:14:05,고려대학교(세종),논술,컴퓨터소프트웨어학과,13,61,4.69 : 1
2026-09-18 09:14:06,상명대,논술,휴먼AI공학전공,5,350,70.00 : 1
2026-09-18 09:14:07,상명대,논술,데이터과학전공,3,205,68.33 : 1
2026-09-18 09:14:08,상명대,논술,컴퓨터과학전공,3,219,73.00 : 1
2026-09-18 09:14:09,국민대,논술,소프트웨어학부,7,489,69.86 : 1
2026-09-18 09:14:10,국민대,논술,인공지능학부,3,188,62.67 : 1
2026-09-18 13:46:03,연세대학교(미래),교과우수자,소프트웨어학부,18,106,5.89 : 1
2026-09-18 13:46:04,고려대학교(세종),크림슨인재전형,전자및정보공학과,33,152,4.61 : 1
2026-09-18 13:46:04,고려대학교(세종),크림슨인재전형,인공지능사이버보안학과,16,131,8.19 : 1
2026-09-18 13:46:05,고려대학교(세종),크림슨인재전형,컴퓨터소프트웨어학과,20,95,4.75 : 1
2026-09-18 13:46:06,고려대학교(세종),논술,전자및정보공학과,21,111,5.29 : 1
2026-09-18 13:46:07,고려대학교(세종),논술,인공지능사이버보안학과,10,48,4.80 : 1
2026-09-18 13:46:07,고려대학교(세종),논술,컴퓨터소프트웨어학과,13,61,4.69 : 1
2026-09-18 13:46:08,상명대,논술,휴먼AI공학전공,5,350,70.00 : 1
2026-09-18 13:46:08,상명대,논술,데이터과학전공,3,205,68.33 : 1
2026-09-18 13:46:09,상명대,논술,컴퓨터과학전공,3,219,73.00 : 1
2026-09-18 13:46:10,국민대,논술,소프트웨어학부,7,489,69.86 : 1
2026-09-18 13:46:11,국민대,논술,인공지능학부,3,188,62.67 : 1
2026-09-18 18:14:52,연세대학교(미래),교과우수자,소프트웨어학부,18,106,5.89 : 1
2026-09-18 18:14:53,고려대학교(세종),크림슨인재전형,전자및정보공학과,33,152,4.61 : 1
2026-09-18 18:14:54,고려대학교(세종),크림슨인재전형,인공지능사이버보안학과,16,131,8.19 : 1
2026-09-18 18:14:55,고려대학교(세종),크림슨인재전형,컴퓨터소프트웨어학과,20,95,4.75 : 1
2026-09-18 18:14:56,고려대학교(세종),논술,전자및정보공학과,21,111,5.29 : 1
2026-09-18 18:14:57,고려대학교(세종),논술,인공지능사이버보안학과,10,48,4.80 : 1
2026-09-18 18:14:58,고려대학교(세종),논술,컴퓨터소프트웨어학과,13,61,4.69 : 1
2026-09-18 18:14:59,상명대,논술,휴먼AI공학전공,5,350,70.00 : 1
2026-09-18 18:15:00,상명대,논술,데이터과학전공,3,205,68.33 : 1
2026-09-18 18:15:01,상명대,논술,컴퓨터과학전공,3,219,73.00 : 1
2026-09-18 18:15:02,국민대,논술,소프트웨어학부,7,489,69.86 : 1
2026-09-18 18:15:03,국민대,논술,인공지능학부,3,188,62.67 : 1
2026-09-18 22:40:35,연세대학교(미래),교과우수자,소프트웨어학부,18,106,5.89 : 1
2026-09-18 22:40:36,고려대학교(세종),크림슨인재전형,전자및정보공학과,33,152,4.61 : 1
2026-09-18 22:40:37,고려대학교(세종),크림슨인재전형,인공지능사이버보안학과,16,131,8.19 : 1
2026-09-18 22:40:38,고려대학교(세종),크림슨인재전형,컴퓨터소프트웨어학과,20,95,4.75 : 1
2026-09-18 22:40:39,고려대학교(세종),논술,전자및정보공학과,21,111,5.29 : 1
2026-09-18 22:40:40,고려대학교(세종),논술,인공지능사이버보안학과,10,48,4.80 : 1
2026-09-18 22:40:41,고려대학교(세종),논술,컴퓨터소프트웨어학과,13,61,4.69 : 1
2026-09-18 22:40:42,상명대,논술,휴먼AI공학전공,5,350,70.00 : 1
2026-09-18 22:40:42,상명대,논술,데이터과학전공,3,205,68.33 : 1
2026-09-18 22:40:43,상명대,논술,컴퓨터과학전공,3,219,73.00 : 1
2026-09-18 22:40:44,국민대,논술,소프트웨어학부,7,489,69.86 : 1
2026-09-18 22:40:45,국민대,논술,인공지능학부,3,188,62.67 : 1
2026-09-19 02:12:52,연세대학교(미래),교과우수자,소프트웨어학부,18,106,5.89 : 1
2026-09-19 02:12:53,고려대학교(세종),크림슨인재전형,전자및정보공학과,33,152,4.61 : 1
2026-09-19 02:12:54,고려대학교(세종),크림슨인재전형,인공지능사이버보안학과,16,131,8.19 : 1
2026-09-19 02:12:54,고려대학교(세종),크림슨인재전형,컴퓨터소프트웨어학과,20,95,4.75 : 1
2026-09-19 02:12:55,고려대학교(세종),논술,전자및정보공학과,21,111,5.29 : 1
2026-09-19 02:12:56,고려대학교(세종),논술,인공지능사이버보안학과,10,48,4.80 : 1
2026-09-19 02:12:56,고려대학교(세종),논술,컴퓨터소프트웨어학과,13,61,4.69 : 1
2026-09-19 02:12:57,상명대,논술,휴먼AI공학전공,5,350,70.00 : 1
2026-09-19 02:12:58,상명대,논술,데이터과학전공,3,205,68.33 : 1
2026-09-19 02:12:59,상명대,논술,컴퓨터과학전공,3,219,73.00 : 1
2026-09-19 02:12:59,국민대,논술,소프트웨어학부,7,489,69.86 : 1
2026-09-19 02:13:00,국민대,논술,인공지능학부,3,188,62.67 : 1
2026-09-19 04:37:27,연세대학교(미래),교과우수자,소프트웨어학부,18,106,5.89 : 1
2026-09-19 04:37:28,고려대학교(세종),크림슨인재전형,전자및정보공학과,33,152,4.61 : 1
2026-09-19 04:37:29,고려대학교(세종),크림슨인재전형,인공지능사이버보안학과,16,131,8.19 : 1
2026-09-19 04:37:30,고려대학교(세종),크림슨인재전형,컴퓨터소프트웨어학과,20,95,4.75 : 1
2026-09-19 04:37:31,고려대학교(세종),논술,전자및정보공학과,21,111,5.29 : 1
2026-09-19 04:37:32,고려대학교(세종),논술,인공지능사이버보안학과,10,48,4.80 : 1
2026-09-19 04:37:33,고려대학교(세종),논술,컴퓨터소프트웨어학과,13,61,4.69 : 1
2026-09-19 04:37:34,상명대,논술,휴먼AI공학전공,5,350,70.00 : 1
2026-09-19 04:37:35,상명대,논술,데이터과학전공,3,205,68.33 : 1
2026-09-19 04:37:35,상명대,논술,컴퓨터과학전공,3,219,73.00 : 1
2026-09-19 04:37:36,국민대,논술,소프트웨어학부,7,489,69.86 : 1
2026-09-19 04:37:38,국민대,논술,인공지능학부,3,188,62.67 : 1
2026-09-19 06:51:45,연세대학교(미래),교과우수자,소프트웨어학부,18,106,5.89 : 1
2026-09-19 06:51:46,고려대학교(세종),크림슨인재전형,전자및정보공학과,33,152,4.61 : 1
2026-09-19 06:51:47,고려대학교(세종),크림슨인재전형,인공지능사이버보안학과,16,131,8.19 : 1
2026-09-19 06:51:47,고려대학교(세종),크림슨인재전형,컴퓨터소프트웨어학과,20,95,4.75 : 1
2026-09-19 06:51:48,고려대학교(세종),논술,전자및정보공학과,21,111,5.29 : 1
2026-09-19 06:51:49,고려대학교(세종),논술,인공지능사이버보안학과,10,48,4.80 : 1
2026-09-19 06:51:49,고려대학교(세종),논술,컴퓨터소프트웨어학과,13,61,4.69 : 1
2026-09-19 06:51:50,상명대,논술,휴먼AI공학전공,5,350,70.00 : 1
2026-09-19 06:51:50,상명대,논술,데이터과학전공,3,205,68.33 : 1
2026-09-19 06:51:51,상명대,논술,컴퓨터과학전공,3,219,73.00 : 1
2026-09-19 06:51:52,국민대,논술,소프트웨어학부,7,489,69.86 : 1
2026-09-19 06:51:53,국민대,논술,인공지능학부,3,188,62.67 : 1
2026-09-19 08:39:32,연세대학교(미래),교과우수자,소프트웨어학부,18,106,5.89 : 1
2026-09-19 08:39:33,고려대학교(세종),크림슨인재전형,전자및정보공학과,33,152,4.61 : 1
2026-09-19 08:39:34,고려대학교(세종),크림슨인재전형,인공지능사이버보안학과,16,131,8.19 : 1
2026-09-19 08:39:34,고려대학교(세종),크림슨인재전형,컴퓨터소프트웨어학과,20,95,4.75 : 1
2026-09-19 08:39:35,고려대학교(세종),논술,전자및정보공학과,21,111,5.29 : 1
2026-09-19 08:39:36,고려대학교(세종),논술,인공지능사이버보안학과,10,48,4.80 : 1
2026-09-19 08:39:36,고려대학교(세종),논술,컴퓨터소프트웨어학과,13,61,4.69 : 1
2026-09-19 08:39:37,상명대,논술,휴먼AI공학전공,5,350,70.00 : 1
2026-09-19 08:39:37,상명대,논술,데이터과학전공,3,205,68.33 : 1
2026-09-19 08:39:38,상명대,논술,컴퓨터과학전공,3,219,73.00 : 1
2026-09-19 08:39:39,국민대,논술,소프트웨어학부,7,489,69.86 : 1
2026-09-19 08:39:39,국민대,논술,인공지능학부,3,188,62.67 : 1
2026-09-19 10:35:05,연세대학교(미래),교과우수자,소프트웨어학부,18,106,5.89 : 1
2026-09-19 10:35:06,고려대학교(세종),크림슨인재전형,전자및정보공학과,33,152,4.61 : 1
2026-09-19 10:35:07,고려대학교(세종),크림슨인재전형,인공지능사이버보안학과,16,131,8.19 : 1
2026-09-19 10:35:08,고려대학교(세종),크림슨인재전형,컴퓨터소프트웨어학과,20,95,4.75 : 1
2026-09-19 10:35:09,고려대학교(세종),논술,전자및정보공학과,21,111,5.29 : 1
2026-09-19 10:35:09,고려대학교(세종),논술,인공지능사이버보안학과,10,48,4.80 : 1
2026-09-19 10:35:10,고려대학교(세종),논술,컴퓨터소프트웨어학과,13,61,4.69 : 1
2026-09-19 10:35:11,상명대,논술,휴먼AI공학전공,5,350,70.00 : 1
2026-09-19 10:35:12,상명대,논술,데이터과학전공,3,205,68.33 : 1
2026-09-19 10:35:12,상명대,논술,컴퓨터과학전공,3,219,73.00 : 1
2026-09-19 10:35:13,국민대,논술,소프트웨어학부,7,489,69.86 : 1
2026-09-19 10:35:14,국민대,논술,인공지능학부,3,188,62.67 : 1
2026-09-19 15:36:31,연세대학교(미래),교과우수자,소프트웨어학부,18,106,5.89 : 1
2026-09-19 15:36:32,고려대학교(세종),크림슨인재전형,전자및정보공학과,33,152,4.61 : 1
2026-09-19 15:36:33,고려대학교(세종),크림슨인재전형,인공지능사이버보안학과,16,131,8.19 : 1
2026-09-19 15:36:33,고려대학교(세종),크림슨인재전형,컴퓨터소프트웨어학과,20,95,4.75 : 1
2026-09-19 15:36:34,고려대학교(세종),논술,전자및정보공학과,21,111,5.29 : 1
2026-09-19 15:36:35,고려대학교(세종),논술,인공지능사이버보안학과,10,48,4.80 : 1
2026-09-19 15:36:36,고려대학교(세종),논술,컴퓨터소프트웨어학과,13,61,4.69 : 1
2026-09-19 15:36:37,상명대,논술,휴먼AI공학전공,5,350,70.00 : 1
2026-09-19 15:36:38,상명대,논술,데이터과학전공,3,205,68.33 : 1
2026-09-19 15:36:39,상명대,논술,컴퓨터과학전공,3,219,73.00 : 1
2026-09-19 15:36:40,국민대,논술,소프트웨어학부,7,489,69.86 : 1
2026-09-19 15:36:41,국민대,논술,인공지능학부,3,188,62.67 : 1
2026-09-19 20:31:19,연세대학교(미래),교과우수자,소프트웨어학부,18,106,5.89 : 1
2026-09-19 20:31:20,고려대학교(세종),크림슨인재전형,전자및정보공학과,33,152,4.61 : 1
2026-09-19 20:31:21,고려대학교(세종),크림슨인재전형,인공지능사이버보안학과,16,131,8.19 : 1
2026-09-19 20:31:22,고려대학교(세종),크림슨인재전형,컴퓨터소프트웨어학과,20,95,4.75 : 1
2026-09-19 20:31:23,고려대학교(세종),논술,전자및정보공학과,21,111,5.29 : 1
2026-09-19 20:31:24,고려대학교(세종),논술,인공지능사이버보안학과,10,48,4.80 : 1
2026-09-19 20:31:25,고려대학교(세종),논술,컴퓨터소프트웨어학과,13,61,4.69 : 1
2026-09-19 20:31:25,상명대,논술,휴먼AI공학전공,5,350,70.00 : 1
2026-09-19 20:31:26,상명대,논술,데이터과학전공,3,205,68.33 : 1
2026-09-19 20:31:27,상명대,논술,컴퓨터과학전공,3,219,73.00 : 1
2026-09-19 20:31:28,국민대,논술,소프트웨어학부,7,489,69.86 : 1
2026-09-19 20:31:29,국민대,논술,인공지능학부,3,188,62.67 : 1
2026-09-19 23:43:06,연세대학교(미래),교과우수자,소프트웨어학부,18,106,5.89 : 1
2026-09-19 23:43:07,고려대학교(세종),크림슨인재전형,전자및정보공학과,33,152,4.61 : 1
2026-09-19 23:43:08,고려대학교(세종),크림슨인재전형,인공지능사이버보안학과,16,131,8.19 : 1
2026-09-19 23:43:09,고려대학교(세종),크림슨인재전형,컴퓨터소프트웨어학과,20,95,4.75 : 1
2026-09-19 23:43:10,고려대학교(세종),논술,전자및정보공학과,21,111,5.29 : 1
2026-09-19 23:43:10,고려대학교(세종),논술,인공지능사이버보안학과,10,48,4.80 : 1
2026-09-19 23:43:11,고려대학교(세종),논술,컴퓨터소프트웨어학과,13,61,4.69 : 1
2026-09-19 23:43:11,상명대,논술,휴먼AI공학전공,5,350,70.00 : 1
2026-09-19 23:43:12,상명대,논술,데이터과학전공,3,205,68.33 : 1
2026-09-19 23:43:13,상명대,논술,컴퓨터과학전공,3,219,73.00 : 1
2026-09-19 23:43:14,국민대,논술,소프트웨어학부,7,489,69.86 : 1
2026-09-19 23:43:14,국민대,논술,인공지능학부,3,188,62.67 : 1
2026-09-20 02:27:17,연세대학교(미래),교과우수자,소프트웨어학부,18,106,5.89 : 1
2026-09-20 02:27:17,고려대학교(세종),크림슨인재전형,전자및정보공학과,33,152,4.61 : 1
2026-09-20 02:27:18,고려대학교(세종),크림슨인재전형,인공지능사이버보안학과,16,131,8.19 : 1
2026-09-20 02:27:19,고려대학교(세종),크림슨인재전형,컴퓨터소프트웨어학과,20,95,4.75 : 1
2026-09-20 02:27:20,고려대학교(세종),논술,전자및정보공학과,21,111,5.29 : 1
2026-09-20 02:27:21,고려대학교(세종),논술,인공지능사이버보안학과,10,48,4.80 : 1
2026-09-20 02:27:22,고려대학교(세종),논술,컴퓨터소프트웨어학과,13,61,4.69 : 1
2026-09-20 02:27:23,상명대,논술,휴먼AI공학전공,5,350,70.00 : 1
2026-09-20 02:27:24,상명대,논술,데이터과학전공,3,205,68.33 : 1
2026-09-20 02:27:25,상명대,논술,컴퓨터과학전공,3,219,73.00 : 1
2026-09-20 02:27:26,국민대,논술,소프트웨어학부,7,489,69.86 : 1
2026-09-20 02:27:27,국민대,논술,인공지능학부,3,188,62.67 : 1
2026-09-20 04:30:53,연세대학교(미래),교과우수자,소프트웨어학부,18,106,5.89 : 1
2026-09-20 04:30:54,고려대학교(세종),크림슨인재전형,전자및정보공학과,33,152,4.61 : 1
2026-09-20 04:30:55,고려대학교(세종),크림슨인재전형,인공지능사이버보안학과,16,131,8.19 : 1
2026-09-20 04:30:56,고려대학교(세종),크림슨인재전형,컴퓨터소프트웨어학과,20,95,4.75 : 1
2026-09-20 04:30:57,고려대학교(세종),논술,전자및정보공학과,21,111,5.29 : 1
2026-09-20 04:30:58,고려대학교(세종),논술,인공지능사이버보안학과,10,48,4.80 : 1
2026-09-20 04:30:59,고려대학교(세종),논술,컴퓨터소프트웨어학과,13,61,4.69 : 1
2026-09-20 04:31:00,상명대,논술,휴먼AI공학전공,5,350,70.00 : 1
2026-09-20 04:31:01,상명대,논술,데이터과학전공,3,205,68.33 : 1
2026-09-20 04:31:02,상명대,논술,컴퓨터과학전공,3,219,73.00 : 1
2026-09-20 04:31:03,국민대,논술,소프트웨어학부,7,489,69.86 : 1
2026-09-20 04:31:04,국민대,논술,인공지능학부,3,188,62.67 : 1
2026-09-20 06:40:51,연세대학교(미래),교과우수자,소프트웨어학부,18,106,5.89 : 1
2026-09-20 06:40:52,고려대학교(세종),크림슨인재전형,전자및정보공학과,33,152,4.61 : 1
2026-09-20 06:40:53,고려대학교(세종),크림슨인재전형,인공지능사이버보안학과,16,131,8.19 : 1
2026-09-20 06:40:54,고려대학교(세종),크림슨인재전형,컴퓨터소프트웨어학과,20,95,4.75 : 1
2026-09-20 06:40:55,고려대학교(세종),논술,전자및정보공학과,21,111,5.29 : 1
2026-09-20 06:40:56,고려대학교(세종),논술,인공지능사이버보안학과,10,48,4.80 : 1
2026-09-20 06:40:57,고려대학교(세종),논술,컴퓨터소프트웨어학과,13,61,4.69 : 1
2026-09-20 06:40:58,상명대,논술,휴먼AI공학전공,5,350,70.00 : 1
2026-09-20 06:40:59,상명대,논술,데이터과학전공,3,205,68.33 : 1
2026-09-20 06:41:00,상명대,논술,컴퓨터과학전공,3,219,73.00 : 1
2026-09-20 06:41:01,국민대,논술,소프트웨어학부,7,489,69.86 : 1
2026-09-20 06:41:02,국민대,논술,인공지능학부,3,188,62.67 : 1
2026-09-20 08:33:14,연세대학교(미래),교과우수자,소프트웨어학부,18,106,5.89 : 1
2026-09-20 08:33:15,고려대학교(세종),크림슨인재전형,전자및정보공학과,33,152,4.61 : 1
2026-09-20 08:33:16,고려대학교(세종),크림슨인재전형,인공지능사이버보안학과,16,131,8.19 : 1
2026-09-20 08:33:16,고려대학교(세종),크림슨인재전형,컴퓨터소프트웨어학과,20,95,4.75 : 1
2026-09-20 08:33:17,고려대학교(세종),논술,전자및정보공학과,21,111,5.29 : 1
2026-09-20 08:33:18,고려대학교(세종),논술,인공지능사이버보안학과,10,48,4.80 : 1
2026-09-20 08:33:18,고려대학교(세종),논술,컴퓨터소프트웨어학과,13,61,4.69 : 1
2026-09-20 08:33:19,상명대,논술,휴먼AI공학전공,5,350,70.00 : 1
2026-09-20 08:33:19,상명대,논술,데이터과학전공,3,205,68.33 : 1
2026-09-20 08:33:20,상명대,논술,컴퓨터과학전공,3,219,73.00 : 1
2026-09-20 08:33:21,국민대,논술,소프트웨어학부,7,489,69.86 : 1
2026-09-20 08:33:21,국민대,논술,인공지능학부,3,188,62.67 : 1
2026-09-20 10:33:00,연세대학교(미래),교과우수자,소프트웨어학부,18,106,5.89 : 1
2026-09-20 10:33:01,고려대학교(세종),크림슨인재전형,전자및정보공학과,33,152,4.61 : 1
2026-09-20 10:33:02,고려대학교(세종),크림슨인재전형,인공지능사이버보안학과,16,131,8.19 : 1
2026-09-20 10:33:03,고려대학교(세종),크림슨인재전형,컴퓨터소프트웨어학과,20,95,4.75 : 1
2026-09-20 10:33:04,고려대학교(세종),논술,전자및정보공학과,21,111,5.29 : 1
2026-09-20 10:33:05,고려대학교(세종),논술,인공지능사이버보안학과,10,48,4.80 : 1
2026-09-20 10:33:06,고려대학교(세종),논술,컴퓨터소프트웨어학과,13,61,4.69 : 1
2026-09-20 10:33:06,상명대,논술,휴먼AI공학전공,5,350,70.00 : 1
2026-09-20 10:33:07,상명대,논술,데이터과학전공,3,205,68.33 : 1
2026-09-20 10:33:08,상명대,논술,컴퓨터과학전공,3,219,73.00 : 1
2026-09-20 10:33:09,국민대,논술,소프트웨어학부,7,489,69.86 : 1
2026-09-20 10:33:10,국민대,논술,인공지능학부,3,188,62.67 : 1
2026-09-20 15:53:51,연세대학교(미래),교과우수자,소프트웨어학부,18,106,5.89 : 1
2026-09-20 15:53:52,고려대학교(세종),크림슨인재전형,전자및정보공학과,33,152,4.61 : 1
2026-09-20 15:53:53,고려대학교(세종),크림슨인재전형,인공지능사이버보안학과,16,131,8.19 : 1
2026-09-20 15:53:54,고려대학교(세종),크림슨인재전형,컴퓨터소프트웨어학과,20,95,4.75 : 1
2026-09-20 15:53:55,고려대학교(세종),논술,전자및정보공학과,21,111,5.29 : 1
2026-09-20 15:53:56,고려대학교(세종),논술,인공지능사이버보안학과,10,48,4.80 : 1
2026-09-20 15:53:57,고려대학교(세종),논술,컴퓨터소프트웨어학과,13,61,4.69 : 1
2026-09-20 15:53:58,상명대,논술,휴먼AI공학전공,5,350,70.00 : 1
2026-09-20 15:53:59,상명대,논술,데이터과학전공,3,205,68.33 : 1
2026-09-20 15:54:00,상명대,논술,컴퓨터과학전공,3,219,73.00 : 1
2026-09-20 15:54:01,국민대,논술,소프트웨어학부,7,489,69.86 : 1
2026-09-20 15:54:02,국민대,논술,인공지능학부,3,188,62.67 : 1
2026-09-20 20:54:20,연세대학교(미래),교과우수자,소프트웨어학부,18,106,5.89 : 1
2026-09-20 20:54:21,고려대학교(세종),크림슨인재전형,전자및정보공학과,33,152,4.61 : 1
2026-09-20 20:54:22,고려대학교(세종),크림슨인재전형,인공지능사이버보안학과,16,131,8.19 : 1
2026-09-20 20:54:22,고려대학교(세종),크림슨인재전형,컴퓨터소프트웨어학과,20,95,4.75 : 1
2026-09-20 20:54:23,고려대학교(세종),논술,전자및정보공학과,21,111,5.29 : 1
2026-09-20 20:54:24,고려대학교(세종),논술,인공지능사이버보안학과,10,48,4.80 : 1
2026-09-20 20:54:25,고려대학교(세종),논술,컴퓨터소프트웨어학과,13,61,4.69 : 1
2026-09-20 20:54:26,상명대,논술,휴먼AI공학전공,5,350,70.00 : 1
2026-09-20 20:54:27,상명대,논술,데이터과학전공,3,205,68.33 : 1
2026-09-20 20:54:27,상명대,논술,컴퓨터과학전공,3,219,73.00 : 1
2026-09-20 20:54:29,국민대,논술,소프트웨어학부,7,489,69.86 : 1
2026-09-20 20:54:30,국민대,논술,인공지능학부,3,188,62.67 : 1
2026-09-21 00:44:52,연세대학교(미래),교과우수자,소프트웨어학부,18,106,5.89 : 1
2026-09-21 00:44:52,고려대학교(세종),크림슨인재전형,전자및정보공학과,33,152,4.61 : 1
2026-09-21 00:44:53,고려대학교(세종),크림슨인재전형,인공지능사이버보안학과,16,131,8.19 : 1
2026-09-21 00:44:54,고려대학교(세종),크림슨인재전형,컴퓨터소프트웨어학과,20,95,4.75 : 1
2026-09-21 00:44:55,고려대학교(세종),논술,전자및정보공학과,21,111,5.29 : 1
2026-09-21 00:44:55,고려대학교(세종),논술,인공지능사이버보안학과,10,48,4.80 : 1
2026-09-21 00:44:56,고려대학교(세종),논술,컴퓨터소프트웨어학과,13,61,4.69 : 1
2026-09-21 00:44:57,상명대,논술,휴먼AI공학전공,5,350,70.00 : 1
2026-09-21 00:44:57,상명대,논술,데이터과학전공,3,205,68.33 : 1
2026-09-21 00:44:58,상명대,논술,컴퓨터과학전공,3,219,73.00 : 1
2026-09-21 00:44:59,국민대,논술,소프트웨어학부,7,489,69.86 : 1
2026-09-21 00:45:00,국민대,논술,인공지능학부,3,188,62.67 : 1
2026-09-21 03:19:34,연세대학교(미래),교과우수자,소프트웨어학부,18,106,5.89 : 1
2026-09-21 03:19:35,고려대학교(세종),크림슨인재전형,전자및정보공학과,33,152,4.61 : 1
2026-09-21 03:19:35,고려대학교(세종),크림슨인재전형,인공지능사이버보안학과,16,131,8.19 : 1
2026-09-21 03:19:36,고려대학교(세종),크림슨인재전형,컴퓨터소프트웨어학과,20,95,4.75 : 1
2026-09-21 03:19:37,고려대학교(세종),논술,전자및정보공학과,21,111,5.29 : 1
2026-09-21 03:19:38,고려대학교(세종),논술,인공지능사이버보안학과,10,48,4.80 : 1
2026-09-21 03:19:39,고려대학교(세종),논술,컴퓨터소프트웨어학과,13,61,4.69 : 1
2026-09-21 03:19:39,상명대,논술,휴먼AI공학전공,5,350,70.00 : 1
2026-09-21 03:19:40,상명대,논술,데이터과학전공,3,205,68.33 : 1
2026-09-21 03:19:40,상명대,논술,컴퓨터과학전공,3,219,73.00 : 1
2026-09-21 03:19:41,국민대,논술,소프트웨어학부,7,489,69.86 : 1
2026-09-21 03:19:42,국민대,논술,인공지능학부,3,188,62.67 : 1
2026-09-21 05:55:31,연세대학교(미래),교과우수자,소프트웨어학부,18,106,5.89 : 1
2026-09-21 05:55:32,고려대학교(세종),크림슨인재전형,전자및정보공학과,33,152,4.61 : 1
2026-09-21 05:55:33,고려대학교(세종),크림슨인재전형,인공지능사이버보안학과,16,131,8.19 : 1
2026-09-21 05:55:33,고려대학교(세종),크림슨인재전형,컴퓨터소프트웨어학과,20,95,4.75 : 1
2026-09-21 05:55:34,고려대학교(세종),논술,전자및정보공학과,21,111,5.29 : 1
2026-09-21 05:55:35,고려대학교(세종),논술,인공지능사이버보안학과,10,48,4.80 : 1
2026-09-21 05:55:35,고려대학교(세종),논술,컴퓨터소프트웨어학과,13,61,4.69 : 1
2026-09-21 05:55:36,상명대,논술,휴먼AI공학전공,5,350,70.00 : 1
2026-09-21 05:55:37,상명대,논술,데이터과학전공,3,205,68.33 : 1
2026-09-21 05:55:37,상명대,논술,컴퓨터과학전공,3,219,73.00 : 1
2026-09-21 05:55:38,국민대,논술,소프트웨어학부,7,489,69.86 : 1
2026-09-21 05:55:39,국민대,논술,인공지능학부,3,188,62.67 : 1
2026-09-21 08:05:17,연세대학교(미래),교과우수자,소프트웨어학부,18,106,5.89 : 1
2026-09-21 08:05:17,고려대학교(세종),크림슨인재전형,전자및정보공학과,33,152,4.61 : 1
2026-09-21 08:05:18,고려대학교(세종),크림슨인재전형,인공지능사이버보안학과,16,131,8.19 : 1
2026-09-21 08:05:19,고려대학교(세종),크림슨인재전형,컴퓨터소프트웨어학과,20,95,4.75 : 1
2026-09-21 08:05:19,고려대학교(세종),논술,전자및정보공학과,21,111,5.29 : 1
2026-09-21 08:05:20,고려대학교(세종),논술,인공지능사이버보안학과,10,48,4.80 : 1
2026-09-21 08:05:21,고려대학교(세종),논술,컴퓨터소프트웨어학과,13,61,4.69 : 1
2026-09-21 08:05:21,상명대,논술,휴먼AI공학전공,5,350,70.00 : 1
2026-09-21 08:05:22,상명대,논술,데이터과학전공,3,205,68.33 : 1
2026-09-21 08:05:23,상명대,논술,컴퓨터과학전공,3,219,73.00 : 1
2026-09-21 08:05:24,국민대,논술,소프트웨어학부,7,489,69.86 : 1
2026-09-21 08:05:24,국민대,논술,인공지능학부,3,188,62.67 : 1
2026-09-21 10:03:05,연세대학교(미래),교과우수자,소프트웨어학부,18,106,5.89 : 1
2026-09-21 10:03:06,고려대학교(세종),크림슨인재전형,전자및정보공학과,33,152,4.61 : 1
2026-09-21 10:03:07,고려대학교(세종),크림슨인재전형,인공지능사이버보안학과,16,131,8.19 : 1
2026-09-21 10:03:08,고려대학교(세종),크림슨인재전형,컴퓨터소프트웨어학과,20,95,4.75 : 1
2026-09-21 10:03:10,고려대학교(세종),논술,전자및정보공학과,21,111,5.29 : 1
2026-09-21 10:03:10,고려대학교(세종),논술,인공지능사이버보안학과,10,48,4.80 : 1
2026-09-21 10:03:11,고려대학교(세종),논술,컴퓨터소프트웨어학과,13,61,4.69 : 1
2026-09-21 10:03:12,상명대,논술,휴먼AI공학전공,5,350,70.00 : 1
2026-09-21 10:03:13,상명대,논술,데이터과학전공,3,205,68.33 : 1
2026-09-21 10:03:14,상명대,논술,컴퓨터과학전공,3,219,73.00 : 1
2026-09-21 10:03:15,국민대,논술,소프트웨어학부,7,489,69.86 : 1
2026-09-21 10:03:16,국민대,논술,인공지능학부,3,188,62.67 : 1
2026-09-21 15:11:19,연세대학교(미래),교과우수자,소프트웨어학부,18,106,5.89 : 1
2026-09-21 15:11:20,고려대학교(세종),크림슨인재전형,전자및정보공학과,33,152,4.61 : 1
2026-09-21 15:11:21,고려대학교(세종),크림슨인재전형,인공지능사이버보안학과,16,131,8.19 : 1
2026-09-21 15:11:22,고려대학교(세종),크림슨인재전형,컴퓨터소프트웨어학과,20,95,4.75 : 1
2026-09-21 15:11:23,고려대학교(세종),논술,전자및정보공학과,21,111,5.29 : 1
2026-09-21 15:11:24,고려대학교(세종),논술,인공지능사이버보안학과,10,48,4.80 : 1
2026-09-21 15:11:25,고려대학교(세종),논술,컴퓨터소프트웨어학과,13,61,4.69 : 1
2026-09-21 15:11:26,상명대,논술,휴먼AI공학전공,5,350,70.00 : 1
2026-09-21 15:11:26,상명대,논술,데이터과학전공,3,206,68.67 : 1
2026-09-21 15:11:27,상명대,논술,컴퓨터과학전공,3,219,73.00 : 1
2026-09-21 15:11:29,국민대,논술,소프트웨어학부,7,489,69.86 : 1
2026-09-21 15:11:30,국민대,논술,인공지능학부,3,188,62.67 : 1
2026-09-21 21:43:58,연세대학교(미래),교과우수자,소프트웨어학부,18,106,5.89 : 1
2026-09-21 21:43:59,고려대학교(세종),크림슨인재전형,전자및정보공학과,33,152,4.61 : 1
2026-09-21 21:44:00,고려대학교(세종),크림슨인재전형,인공지능사이버보안학과,16,131,8.19 : 1
2026-09-21 21:44:01,고려대학교(세종),크림슨인재전형,컴퓨터소프트웨어학과,20,95,4.75 : 1
2026-09-21 21:44:02,고려대학교(세종),논술,전자및정보공학과,21,111,5.29 : 1
2026-09-21 21:44:03,고려대학교(세종),논술,인공지능사이버보안학과,10,48,4.80 : 1
2026-09-21 21:44:03,고려대학교(세종),논술,컴퓨터소프트웨어학과,13,61,4.69 : 1
2026-09-21 21:44:04,상명대,논술,휴먼AI공학전공,5,350,70.00 : 1
2026-09-21 21:44:05,상명대,논술,데이터과학전공,3,206,68.67 : 1
2026-09-21 21:44:06,상명대,논술,컴퓨터과학전공,3,219,73.00 : 1
2026-09-21 21:44:06,국민대,논술,소프트웨어학부,7,489,69.86 : 1
2026-09-21 21:44:07,국민대,논술,인공지능학부,3,188,62.67 : 1
2026-09-22 03:19:42,연세대학교(미래),교과우수자,소프트웨어학부,18,106,5.89 : 1
2026-09-22 03:19:43,고려대학교(세종),크림슨인재전형,전자및정보공학과,33,152,4.61 : 1
2026-09-22 03:19:44,고려대학교(세종),크림슨인재전형,인공지능사이버보안학과,16,131,8.19 : 1
2026-09-22 03:19:44,고려대학교(세종),크림슨인재전형,컴퓨터소프트웨어학과,20,95,4.75 : 1
2026-09-22 03:19:45,고려대학교(세종),논술,전자및정보공학과,21,111,5.29 : 1
2026-09-22 03:19:46,고려대학교(세종),논술,인공지능사이버보안학과,10,48,4.80 : 1
2026-09-22 03:19:47,고려대학교(세종),논술,컴퓨터소프트웨어학과,13,61,4.69 : 1
2026-09-22 03:19:47,상명대,논술,휴먼AI공학전공,5,350,70.00 : 1
2026-09-22 03:19:48,상명대,논술,데이터과학전공,3,206,68.67 : 1
2026-09-22 03:19:49,상명대,논술,컴퓨터과학전공,3,219,73.00 : 1
2026-09-22 03:19:49,국민대,논술,소프트웨어학부,7,489,69.86 : 1
2026-09-22 03:19:50,국민대,논술,인공지능학부,3,188,62.67 : 1
2026-09-22 07:03:23,연세대학교(미래),교과우수자,소프트웨어학부,18,106,5.89 : 1
2026-09-22 07:03:24,고려대학교(세종),크림슨인재전형,전자및정보공학과,33,152,4.61 : 1
2026-09-22 07:03:25,고려대학교(세종),크림슨인재전형,인공지능사이버보안학과,16,131,8.19 : 1
2026-09-22 07:03:26,고려대학교(세종),크림슨인재전형,컴퓨터소프트웨어학과,20,95,4.75 : 1
2026-09-22 07:03:27,고려대학교(세종),논술,전자및정보공학과,21,111,5.29 : 1
2026-09-22 07:03:28,고려대학교(세종),논술,인공지능사이버보안학과,10,48,4.80 : 1
2026-09-22 07:03:28,고려대학교(세종),논술,컴퓨터소프트웨어학과,13,61,4.69 : 1
2026-09-22 07:03:29,상명대,논술,휴먼AI공학전공,5,350,70.00 : 1
2026-09-22 07:03:30,상명대,논술,데이터과학전공,3,206,68.67 : 1
2026-09-22 07:03:31,상명대,논술,컴퓨터과학전공,3,219,73.00 : 1
2026-09-22 07:03:32,국민대,논술,소프트웨어학부,7,489,69.86 : 1
2026-09-22 07:03:33,국민대,논술,인공지능학부,3,188,62.67 : 1
2026-09-22 09:43:52,연세대학교(미래),교과우수자,소프트웨어학부,18,106,5.89 : 1
2026-09-22 09:43:53,고려대학교(세종),크림슨인재전형,전자및정보공학과,33,152,4.61 : 1
2026-09-22 09:43:54,고려대학교(세종),크림슨인재전형,인공지능사이버보안학과,16,131,8.19 : 1
2026-09-22 09:43:55,고려대학교(세종),크림슨인재전형,컴퓨터소프트웨어학과,20,95,4.75 : 1
2026-09-22 09:43:56,고려대학교(세종),논술,전자및정보공학과,21,111,5.29 : 1
2026-09-22 09:43:56,고려대학교(세종),논술,인공지능사이버보안학과,10,48,4.80 : 1
2026-09-22 09:43:57,고려대학교(세종),논술,컴퓨터소프트웨어학과,13,61,4.69 : 1
2026-09-22 09:43:58,상명대,논술,휴먼AI공학전공,5,350,70.00 : 1
2026-09-22 09:43:59,상명대,논술,데이터과학전공,3,206,68.67 : 1
2026-09-22 09:44:00,상명대,논술,컴퓨터과학전공,3,219,73.00 : 1
2026-09-22 09:44:00,국민대,논술,소프트웨어학부,7,489,69.86 : 1
2026-09-22 09:44:01,국민대,논술,인공지능학부,3,188,62.67 : 1
2026-09-22 14:25:13,연세대학교(미래),교과우수자,소프트웨어학부,18,106,5.89 : 1
2026-09-22 14:25:14,고려대학교(세종),크림슨인재전형,전자및정보공학과,33,152,4.61 : 1
2026-09-22 14:25:15,고려대학교(세종),크림슨인재전형,인공지능사이버보안학과,16,131,8.19 : 1
2026-09-22 14:25:15,고려대학교(세종),크림슨인재전형,컴퓨터소프트웨어학과,20,95,4.75 : 1
2026-09-22 14:25:16,고려대학교(세종),논술,전자및정보공학과,21,111,5.29 : 1
2026-09-22 14:25:16,고려대학교(세종),논술,인공지능사이버보안학과,10,48,4.80 : 1
2026-09-22 14:25:17,고려대학교(세종),논술,컴퓨터소프트웨어학과,13,61,4.69 : 1
2026-09-22 14:25:18,상명대,논술,휴먼AI공학전공,5,350,70.00 : 1
2026-09-22 14:25:18,상명대,논술,데이터과학전공,3,206,68.67 : 1
2026-09-22 14:25:19,상명대,논술,컴퓨터과학전공,3,219,73.00 : 1
2026-09-22 14:25:20,국민대,논술,소프트웨어학부,7,489,69.86 : 1
2026-09-22 14:25:20,국민대,논술,인공지능학부,3,188,62.67 : 1
2026-09-22 19:14:27,연세대학교(미래),교과우수자,소프트웨어학부,18,106,5.89 : 1
2026-09-22 19:14:28,고려대학교(세종),크림슨인재전형,전자및정보공학과,33,152,4.61 : 1
2026-09-22 19:14:29,고려대학교(세종),크림슨인재전형,인공지능사이버보안학과,16,131,8.19 : 1
2026-09-22 19:14:29,고려대학교(세종),크림슨인재전형,컴퓨터소프트웨어학과,20,95,4.75 : 1
2026-09-22 19:14:30,고려대학교(세종),논술,전자및정보공학과,21,111,5.29 : 1
2026-09-22 19:14:31,고려대학교(세종),논술,인공지능사이버보안학과,10,48,4.80 : 1
2026-09-22 19:14:32,고려대학교(세종),논술,컴퓨터소프트웨어학과,13,61,4.69 : 1
2026-09-22 19:14:32,상명대,논술,휴먼AI공학전공,5,350,70.00 : 1
2026-09-22 19:14:33,상명대,논술,데이터과학전공,3,206,68.67 : 1
2026-09-22 19:14:34,상명대,논술,컴퓨터과학전공,3,219,73.00 : 1
2026-09-22 19:14:35,국민대,논술,소프트웨어학부,7,489,69.86 : 1
2026-09-22 19:14:36,국민대,논술,인공지능학부,3,188,62.67 : 1
2026-09-22 23:56:37,연세대학교(미래),교과우수자,소프트웨어학부,18,106,5.89 : 1
2026-09-22 23:56:38,고려대학교(세종),크림슨인재전형,전자및정보공학과,33,152,4.61 : 1
2026-09-22 23:56:39,고려대학교(세종),크림슨인재전형,인공지능사이버보안학과,16,131,8.19 : 1
2026-09-22 23:56:40,고려대학교(세종),크림슨인재전형,컴퓨터소프트웨어학과,20,95,4.75 : 1
2026-09-22 23:56:41,고려대학교(세종),논술,전자및정보공학과,21,111,5.29 : 1
2026-09-22 23:56:42,고려대학교(세종),논술,인공지능사이버보안학과,10,48,4.80 : 1
2026-09-22 23:56:43,고려대학교(세종),논술,컴퓨터소프트웨어학과,13,61,4.69 : 1
2026-09-22 23:56:44,상명대,논술,휴먼AI공학전공,5,350,70.00 : 1
2026-09-22 23:56:45,상명대,논술,데이터과학전공,3,206,68.67 : 1
2026-09-22 23:56:46,상명대,논술,컴퓨터과학전공,3,219,73.00 : 1
2026-09-22 23:56:47,국민대,논술,소프트웨어학부,7,489,69.86 : 1
2026-09-22 23:56:48,국민대,논술,인공지능학부,3,188,62.67 : 1
2026-09-23 03:38:14,연세대학교(미래),교과우수자,소프트웨어학부,18,106,5.89 : 1
2026-09-23 03:38:15,고려대학교(세종),크림슨인재전형,전자및정보공학과,33,152,4.61 : 1
2026-09-23 03:38:16,고려대학교(세종),크림슨인재전형,인공지능사이버보안학과,16,131,8.19 : 1
2026-09-23 03:38:17,고려대학교(세종),크림슨인재전형,컴퓨터소프트웨어학과,20,95,4.75 : 1
2026-09-23 03:38:18,고려대학교(세종),논술,전자및정보공학과,21,111,5.29 : 1
2026-09-23 03:38:19,고려대학교(세종),논술,인공지능사이버보안학과,10,48,4.80 : 1
2026-09-23 03:38:20,고려대학교(세종),논술,컴퓨터소프트웨어학과,13,61,4.69 : 1
2026-09-23 03:38:21,상명대,논술,휴먼AI공학전공,5,350,70.00 : 1
2026-09-23 03:38:22,상명대,논술,데이터과학전공,3,206,68.67 : 1
2026-09-23 03:38:23,상명대,논술,컴퓨터과학전공,3,219,73.00 : 1
2026-09-23 03:38:24,국민대,논술,소프트웨어학부,7,489,69.86 : 1
2026-09-23 03:38:25,국민대,논술,인공지능학부,3,188,62.67 : 1
2026-09-23 06:39:19,연세대학교(미래),교과우수자,소프트웨어학부,18,106,5.89 : 1
2026-09-23 06:39:20,고려대학교(세종),크림슨인재전형,전자및정보공학과,33,152,4.61 : 1
2026-09-23 06:39:21,고려대학교(세종),크림슨인재전형,인공지능사이버보안학과,16,131,8.19 : 1
2026-09-23 06:39:22,고려대학교(세종),크림슨인재전형,컴퓨터소프트웨어학과,20,95,4.75 : 1
2026-09-23 06:39:23,고려대학교(세종),논술,전자및정보공학과,21,111,5.29 : 1
2026-09-23 06:39:24,고려대학교(세종),논술,인공지능사이버보안학과,10,48,4.80 : 1
2026-09-23 06:39:25,고려대학교(세종),논술,컴퓨터소프트웨어학과,13,61,4.69 : 1
2026-09-23 06:39:26,상명대,논술,휴먼AI공학전공,5,350,70.00 : 1
2026-09-23 06:39:27,상명대,논술,데이터과학전공,3,206,68.67 : 1
2026-09-23 06:39:27,상명대,논술,컴퓨터과학전공,3,219,73.00 : 1
2026-09-23 06:39:29,국민대,논술,소프트웨어학부,7,489,69.86 : 1
2026-09-23 06:39:30,국민대,논술,인공지능학부,3,188,62.67 : 1
2026-09-23 08:48:18,연세대학교(미래),교과우수자,소프트웨어학부,18,106,5.89 : 1
2026-09-23 08:48:19,고려대학교(세종),크림슨인재전형,전자및정보공학과,33,152,4.61 : 1
2026-09-23 08:48:20,고려대학교(세종),크림슨인재전형,인공지능사이버보안학과,16,131,8.19 : 1
2026-09-23 08:48:21,고려대학교(세종),크림슨인재전형,컴퓨터소프트웨어학과,20,95,4.75 : 1
2026-09-23 08:48:22,고려대학교(세종),논술,전자및정보공학과,21,111,5.29 : 1
2026-09-23 08:48:23,고려대학교(세종),논술,인공지능사이버보안학과,10,48,4.80 : 1
2026-09-23 08:48:23,고려대학교(세종),논술,컴퓨터소프트웨어학과,13,61,4.69 : 1
2026-09-23 08:48:24,상명대,논술,휴먼AI공학전공,5,350,70.00 : 1
2026-09-23 08:48:25,상명대,논술,데이터과학전공,3,206,68.67 : 1
2026-09-23 08:48:26,상명대,논술,컴퓨터과학전공,3,219,73.00 : 1
2026-09-23 08:48:27,국민대,논술,소프트웨어학부,7,489,69.86 : 1
2026-09-23 08:48:28,국민대,논술,인공지능학부,3,188,62.67 : 1
2026-09-23 10:51:27,연세대학교(미래),교과우수자,소프트웨어학부,18,106,5.89 : 1
2026-09-23 10:51:28,고려대학교(세종),크림슨인재전형,전자및정보공학과,33,152,4.61 : 1
2026-09-23 10:51:29,고려대학교(세종),크림슨인재전형,인공지능사이버보안학과,16,131,8.19 : 1
2026-09-23 10:51:29,고려대학교(세종),크림슨인재전형,컴퓨터소프트웨어학과,20,95,4.75 : 1
2026-09-23 10:51:30,고려대학교(세종),논술,전자및정보공학과,21,111,5.29 : 1
2026-09-23 10:51:31,고려대학교(세종),논술,인공지능사이버보안학과,10,48,4.80 : 1
2026-09-23 10:51:32,고려대학교(세종),논술,컴퓨터소프트웨어학과,13,61,4.69 : 1
2026-09-23 10:51:33,상명대,논술,휴먼AI공학전공,5,350,70.00 : 1
2026-09-23 10:51:33,상명대,논술,데이터과학전공,3,206,68.67 : 1
2026-09-23 10:51:34,상명대,논술,컴퓨터과학전공,3,219,73.00 : 1
2026-09-23 10:51:35,국민대,논술,소프트웨어학부,7,489,69.86 : 1
2026-09-23 10:51:36,국민대,논술,인공지능학부,3,188,62.67 : 1
2026-09-23 15:47:49,연세대학교(미래),교과우수자,소프트웨어학부,18,106,5.89 : 1
2026-09-23 15:47:50,고려대학교(세종),크림슨인재전형,전자및정보공학과,33,152,4.61 : 1
2026-09-23 15:47:51,고려대학교(세종),크림슨인재전형,인공지능사이버보안학과,16,131,8.19 : 1
2026-09-23 15:47:51,고려대학교(세종),크림슨인재전형,컴퓨터소프트웨어학과,20,95,4.75 : 1
2026-09-23 15:47:52,고려대학교(세종),논술,전자및정보공학과,21,111,5.29 : 1
2026-09-23 15:47:53,고려대학교(세종),논술,인공지능사이버보안학과,10,48,4.80 : 1
2026-09-23 15:47:54,고려대학교(세종),논술,컴퓨터소프트웨어학과,13,61,4.69 : 1
2026-09-23 15:47:54,상명대,논술,휴먼AI공학전공,5,350,70.00 : 1
2026-09-23 15:47:55,상명대,논술,데이터과학전공,3,206,68.67 : 1
2026-09-23 15:47:56,상명대,논술,컴퓨터과학전공,3,219,73.00 : 1
2026-09-23 15:47:57,국민대,논술,소프트웨어학부,7,489,69.86 : 1
2026-09-23 15:47:57,국민대,논술,인공지능학부,3,188,62.67 : 1
2026-09-23 21:19:15,연세대학교(미래),교과우수자,소프트웨어학부,18,106,5.89 : 1
2026-09-23 21:19:15,고려대학교(세종),크림슨인재전형,전자및정보공학과,33,152,4.61 : 1
2026-09-23 21:19:16,고려대학교(세종),크림슨인재전형,인공지능사이버보안학과,16,131,8.19 : 1
2026-09-23 21:19:16,고려대학교(세종),크림슨인재전형,컴퓨터소프트웨어학과,20,95,4.75 : 1
2026-09-23 21:19:17,고려대학교(세종),논술,전자및정보공학과,21,111,5.29 : 1
2026-09-23 21:19:18,고려대학교(세종),논술,인공지능사이버보안학과,10,48,4.80 : 1
2026-09-23 21:19:19,고려대학교(세종),논술,컴퓨터소프트웨어학과,13,61,4.69 : 1
2026-09-23 21:19:19,상명대,논술,휴먼AI공학전공,5,350,70.00 : 1
2026-09-23 21:19:20,상명대,논술,데이터과학전공,3,206,68.67 : 1
2026-09-23 21:19:21,상명대,논술,컴퓨터과학전공,3,219,73.00 : 1
2026-09-23 21:19:21,국민대,논술,소프트웨어학부,7,489,69.86 : 1
2026-09-23 21:19:22,국민대,논술,인공지능학부,3,188,62.67 : 1
2026-09-24 02:14:37,연세대학교(미래),교과우수자,소프트웨어학부,18,106,5.89 : 1
2026-09-24 02:14:38,고려대학교(세종),크림슨인재전형,전자및정보공학과,33,152,4.61 : 1
2026-09-24 02:14:39,고려대학교(세종),크림슨인재전형,인공지능사이버보안학과,16,131,8.19 : 1
2026-09-24 02:14:40,고려대학교(세종),크림슨인재전형,컴퓨터소프트웨어학과,20,95,4.75 : 1
2026-09-24 02:14:41,고려대학교(세종),논술,전자및정보공학과,21,111,5.29 : 1
2026-09-24 02:14:42,고려대학교(세종),논술,인공지능사이버보안학과,10,48,4.80 : 1
2026-09-24 02:14:43,고려대학교(세종),논술,컴퓨터소프트웨어학과,13,61,4.69 : 1
2026-09-24 02:14:44,상명대,논술,휴먼AI공학전공,5,350,70.00 : 1
2026-09-24 02:14:44,상명대,논술,데이터과학전공,3,206,68.67 : 1
2026-09-24 02:14:45,상명대,논술,컴퓨터과학전공,3,219,73.00 : 1
2026-09-24 02:14:47,국민대,논술,소프트웨어학부,7,489,69.86 : 1
2026-09-24 02:14:48,국민대,논술,인공지능학부,3,188,62.67 : 1
2026-09-24 05:23:57,연세대학교(미래),교과우수자,소프트웨어학부,18,106,5.89 : 1
2026-09-24 05:23:58,고려대학교(세종),크림슨인재전형,전자및정보공학과,33,152,4.61 : 1
2026-09-24 05:23:59,고려대학교(세종),크림슨인재전형,인공지능사이버보안학과,16,131,8.19 : 1
2026-09-24 05:24:00,고려대학교(세종),크림슨인재전형,컴퓨터소프트웨어학과,20,95,4.75 : 1
2026-09-24 05:24:01,고려대학교(세종),논술,전자및정보공학과,21,111,5.29 : 1
2026-09-24 05:24:02,고려대학교(세종),논술,인공지능사이버보안학과,10,48,4.80 : 1
2026-09-24 05:24:02,고려대학교(세종),논술,컴퓨터소프트웨어학과,13,61,4.69 : 1
2026-09-24 05:24:03,상명대,논술,휴먼AI공학전공,5,350,70.00 : 1
2026-09-24 05:24:03,상명대,논술,데이터과학전공,3,206,68.67 : 1
2026-09-24 05:24:04,상명대,논술,컴퓨터과학전공,3,219,73.00 : 1
2026-09-24 05:24:05,국민대,논술,소프트웨어학부,7,489,69.86 : 1
2026-09-24 05:24:05,국민대,논술,인공지능학부,3,188,62.67 : 1
2026-09-24 08:01:16,연세대학교(미래),교과우수자,소프트웨어학부,18,106,5.89 : 1
2026-09-24 08:01:17,고려대학교(세종),크림슨인재전형,전자및정보공학과,33,152,4.61 : 1
2026-09-24 08:01:18,고려대학교(세종),크림슨인재전형,인공지능사이버보안학과,16,131,8.19 : 1
2026-09-24 08:01:18,고려대학교(세종),크림슨인재전형,컴퓨터소프트웨어학과,20,95,4.75 : 1
2026-09-24 08:01:19,고려대학교(세종),논술,전자및정보공학과,21,111,5.29 : 1
2026-09-24 08:01:20,고려대학교(세종),논술,인공지능사이버보안학과,10,48,4.80 : 1
2026-09-24 08:01:21,고려대학교(세종),논술,컴퓨터소프트웨어학과,13,61,4.69 : 1
2026-09-24 08:01:22,상명대,논술,휴먼AI공학전공,5,350,70.00 : 1
2026-09-24 08:01:23,상명대,논술,데이터과학전공,3,206,68.67 : 1
2026-09-24 08:01:24,상명대,논술,컴퓨터과학전공,3,219,73.00 : 1
2026-09-24 08:01:25,국민대,논술,소프트웨어학부,7,489,69.86 : 1
2026-09-24 08:01:26,국민대,논술,인공지능학부,3,188,62.67 : 1
2026-09-24 10:17:34,연세대학교(미래),교과우수자,소프트웨어학부,18,106,5.89 : 1
2026-09-24 10:17:35,고려대학교(세종),크림슨인재전형,전자및정보공학과,33,152,4.61 : 1
2026-09-24 10:17:35,고려대학교(세종),크림슨인재전형,인공지능사이버보안학과,16,131,8.19 : 1
2026-09-24 10:17:36,고려대학교(세종),크림슨인재전형,컴퓨터소프트웨어학과,20,95,4.75 : 1
2026-09-24 10:17:37,고려대학교(세종),논술,전자및정보공학과,21,111,5.29 : 1
2026-09-24 10:17:38,고려대학교(세종),논술,인공지능사이버보안학과,10,48,4.80 : 1
2026-09-24 10:17:39,고려대학교(세종),논술,컴퓨터소프트웨어학과,13,61,4.69 : 1
2026-09-24 10:17:40,상명대,논술,휴먼AI공학전공,5,350,70.00 : 1
2026-09-24 10:17:41,상명대,논술,데이터과학전공,3,206,68.67 : 1
2026-09-24 10:17:42,상명대,논술,컴퓨터과학전공,3,219,73.00 : 1
2026-09-24 10:17:43,국민대,논술,소프트웨어학부,7,489,69.86 : 1
2026-09-24 10:17:45,국민대,논술,인공지능학부,3,188,62.67 : 1
2026-09-24 15:14:39,연세대학교(미래),교과우수자,소프트웨어학부,18,106,5.89 : 1
2026-09-24 15:14:40,고려대학교(세종),크림슨인재전형,전자및정보공학과,33,152,4.61 : 1
2026-09-24 15:14:41,고려대학교(세종),크림슨인재전형,인공지능사이버보안학과,16,131,8.19 : 1
2026-09-24 15:14:41,고려대학교(세종),크림슨인재전형,컴퓨터소프트웨어학과,20,95,4.75 : 1
2026-09-24 15:14:42,고려대학교(세종),논술,전자및정보공학과,21,111,5.29 : 1
2026-09-24 15:14:43,고려대학교(세종),논술,인공지능사이버보안학과,10,48,4.80 : 1
2026-09-24 15:14:44,고려대학교(세종),논술,컴퓨터소프트웨어학과,13,61,4.69 : 1
2026-09-24 15:14:45,상명대,논술,휴먼AI공학전공,5,350,70.00 : 1
2026-09-24 15:14:46,상명대,논술,데이터과학전공,3,206,68.67 : 1
2026-09-24 15:14:47,상명대,논술,컴퓨터과학전공,3,219,73.00 : 1
2026-09-24 15:14:48,국민대,논술,소프트웨어학부,7,489,69.86 : 1
2026-09-24 15:14:50,국민대,논술,인공지능학부,3,188,62.67 : 1
2026-09-24 20:57:36,연세대학교(미래),교과우수자,소프트웨어학부,18,106,5.89 : 1
2026-09-24 20:57:37,고려대학교(세종),크림슨인재전형,전자및정보공학과,33,152,4.61 : 1
2026-09-24 20:57:37,고려대학교(세종),크림슨인재전형,인공지능사이버보안학과,16,131,8.19 : 1
2026-09-24 20:57:38,고려대학교(세종),크림슨인재전형,컴퓨터소프트웨어학과,20,95,4.75 : 1
2026-09-24 20:57:39,고려대학교(세종),논술,전자및정보공학과,21,111,5.29 : 1
2026-09-24 20:57:39,고려대학교(세종),논술,인공지능사이버보안학과,10,48,4.80 : 1
2026-09-24 20:57:40,고려대학교(세종),논술,컴퓨터소프트웨어학과,13,61,4.69 : 1
2026-09-24 20:57:40,상명대,논술,휴먼AI공학전공,5,350,70.00 : 1
2026-09-24 20:57:41,상명대,논술,데이터과학전공,3,206,68.67 : 1
2026-09-24 20:57:41,상명대,논술,컴퓨터과학전공,3,219,73.00 : 1
2026-09-24 20:57:42,국민대,논술,소프트웨어학부,7,489,69.86 : 1
2026-09-24 20:57:43,국민대,논술,인공지능학부,3,188,62.67 : 1
2026-09-25 01:49:40,연세대학교(미래),교과우수자,소프트웨어학부,18,106,5.89 : 1
2026-09-25 01:49:41,고려대학교(세종),크림슨인재전형,전자및정보공학과,33,152,4.61 : 1
2026-09-25 01:49:42,고려대학교(세종),크림슨인재전형,인공지능사이버보안학과,16,131,8.19 : 1
2026-09-25 01:49:43,고려대학교(세종),크림슨인재전형,컴퓨터소프트웨어학과,20,95,4.75 : 1
2026-09-25 01:49:44,고려대학교(세종),논술,전자및정보공학과,21,111,5.29 : 1
2026-09-25 01:49:45,고려대학교(세종),논술,인공지능사이버보안학과,10,48,4.80 : 1
2026-09-25 01:49:45,고려대학교(세종),논술,컴퓨터소프트웨어학과,13,61,4.69 : 1
2026-09-25 01:49:46,상명대,논술,휴먼AI공학전공,5,350,70.00 : 1
2026-09-25 01:49:47,상명대,논술,데이터과학전공,3,206,68.67 : 1
2026-09-25 01:49:48,상명대,논술,컴퓨터과학전공,3,219,73.00 : 1
2026-09-25 01:49:49,국민대,논술,소프트웨어학부,7,489,69.86 : 1
2026-09-25 01:49:50,국민대,논술,인공지능학부,3,188,62.67 : 1
2026-09-25 05:11:25,연세대학교(미래),교과우수자,소프트웨어학부,18,106,5.89 : 1
2026-09-25 05:11:25,고려대학교(세종),크림슨인재전형,전자및정보공학과,33,152,4.61 : 1
2026-09-25 05:11:26,고려대학교(세종),크림슨인재전형,인공지능사이버보안학과,16,131,8.19 : 1
2026-09-25 05:11:27,고려대학교(세종),크림슨인재전형,컴퓨터소프트웨어학과,20,95,4.75 : 1
2026-09-25 05:11:28,고려대학교(세종),논술,전자및정보공학과,21,111,5.29 : 1
2026-09-25 05:11:29,고려대학교(세종),논술,인공지능사이버보안학과,10,48,4.80 : 1
2026-09-25 05:11:30,고려대학교(세종),논술,컴퓨터소프트웨어학과,13,61,4.69 : 1
2026-09-25 05:11:31,상명대,논술,휴먼AI공학전공,5,350,70.00 : 1
2026-09-25 05:11:32,상명대,논술,데이터과학전공,3,206,68.67 : 1
2026-09-25 05:11:32,상명대,논술,컴퓨터과학전공,3,219,73.00 : 1
2026-09-25 05:11:34,국민대,논술,소프트웨어학부,7,489,69.86 : 1
2026-09-25 05:11:35,국민대,논술,인공지능학부,3,188,62.67 : 1
2026-09-25 08:12:04,연세대학교(미래),교과우수자,소프트웨어학부,18,106,5.89 : 1
2026-09-25 08:12:05,고려대학교(세종),크림슨인재전형,전자및정보공학과,33,152,4.61 : 1
2026-09-25 08:12:06,고려대학교(세종),크림슨인재전형,인공지능사이버보안학과,16,131,8.19 : 1
2026-09-25 08:12:07,고려대학교(세종),크림슨인재전형,컴퓨터소프트웨어학과,20,95,4.75 : 1
2026-09-25 08:12:08,고려대학교(세종),논술,전자및정보공학과,21,111,5.29 : 1
2026-09-25 08:12:09,고려대학교(세종),논술,인공지능사이버보안학과,10,48,4.80 : 1
2026-09-25 08:12:10,고려대학교(세종),논술,컴퓨터소프트웨어학과,13,61,4.69 : 1
2026-09-25 08:12:11,상명대,논술,휴먼AI공학전공,5,350,70.00 : 1
2026-09-25 08:12:12,상명대,논술,데이터과학전공,3,206,68.67 : 1
2026-09-25 08:12:13,상명대,논술,컴퓨터과학전공,3,219,73.00 : 1
2026-09-25 08:12:14,국민대,논술,소프트웨어학부,7,489,69.86 : 1
2026-09-25 08:12:15,국민대,논술,인공지능학부,3,188,62.67 : 1
2026-09-25 10:29:54,연세대학교(미래),교과우수자,소프트웨어학부,18,106,5.89 : 1
2026-09-25 10:29:55,고려대학교(세종),크림슨인재전형,전자및정보공학과,33,152,4.61 : 1
2026-09-25 10:29:56,고려대학교(세종),크림슨인재전형,인공지능사이버보안학과,16,131,8.19 : 1
2026-09-25 10:29:57,고려대학교(세종),크림슨인재전형,컴퓨터소프트웨어학과,20,95,4.75 : 1
2026-09-25 10:29:58,고려대학교(세종),논술,전자및정보공학과,21,111,5.29 : 1
2026-09-25 10:29:59,고려대학교(세종),논술,인공지능사이버보안학과,10,48,4.80 : 1
2026-09-25 10:29:59,고려대학교(세종),논술,컴퓨터소프트웨어학과,13,61,4.69 : 1
2026-09-25 10:30:00,상명대,논술,휴먼AI공학전공,5,350,70.00 : 1
2026-09-25 10:30:01,상명대,논술,데이터과학전공,3,206,68.67 : 1
2026-09-25 10:30:01,상명대,논술,컴퓨터과학전공,3,219,73.00 : 1
2026-09-25 10:30:03,국민대,논술,소프트웨어학부,7,489,69.86 : 1
2026-09-25 10:30:04,국민대,논술,인공지능학부,3,188,62.67 : 1
2026-09-25 15:30:23,연세대학교(미래),교과우수자,소프트웨어학부,18,106,5.89 : 1
2026-09-25 15:30:24,고려대학교(세종),크림슨인재전형,전자및정보공학과,33,152,4.61 : 1
2026-09-25 15:30:25,고려대학교(세종),크림슨인재전형,인공지능사이버보안학과,16,131,8.19 : 1
2026-09-25 15:30:26,고려대학교(세종),크림슨인재전형,컴퓨터소프트웨어학과,20,95,4.75 : 1
2026-09-25 15:30:27,고려대학교(세종),논술,전자및정보공학과,21,111,5.29 : 1
2026-09-25 15:30:28,고려대학교(세종),논술,인공지능사이버보안학과,10,48,4.80 : 1
2026-09-25 15:30:29,고려대학교(세종),논술,컴퓨터소프트웨어학과,13,61,4.69 : 1
2026-09-25 15:30:30,상명대,논술,휴먼AI공학전공,5,350,70.00 : 1
2026-09-25 15:30:30,상명대,논술,데이터과학전공,3,206,68.67 : 1
2026-09-25 15:30:31,상명대,논술,컴퓨터과학전공,3,219,73.00 : 1
2026-09-25 15:30:32,국민대,논술,소프트웨어학부,7,489,69.86 : 1
2026-09-25 15:30:33,국민대,논술,인공지능학부,3,188,62.67 : 1
2026-09-25 21:06:53,연세대학교(미래),교과우수자,소프트웨어학부,18,106,5.89 : 1
2026-09-25 21:06:54,고려대학교(세종),크림슨인재전형,전자및정보공학과,33,152,4.61 : 1
2026-09-25 21:06:54,고려대학교(세종),크림슨인재전형,인공지능사이버보안학과,16,131,8.19 : 1
2026-09-25 21:06:55,고려대학교(세종),크림슨인재전형,컴퓨터소프트웨어학과,20,95,4.75 : 1
2026-09-25 21:06:56,고려대학교(세종),논술,전자및정보공학과,21,111,5.29 : 1
2026-09-25 21:06:56,고려대학교(세종),논술,인공지능사이버보안학과,10,48,4.80 : 1
2026-09-25 21:06:57,고려대학교(세종),논술,컴퓨터소프트웨어학과,13,61,4.69 : 1
2026-09-25 21:06:58,상명대,논술,휴먼AI공학전공,5,350,70.00 : 1
2026-09-25 21:06:58,상명대,논술,데이터과학전공,3,206,68.67 : 1
2026-09-25 21:06:59,상명대,논술,컴퓨터과학전공,3,219,73.00 : 1
2026-09-25 21:07:00,국민대,논술,소프트웨어학부,7,489,69.86 : 1
2026-09-25 21:07:01,국민대,논술,인공지능학부,3,188,62.67 : 1
2026-09-26 02:06:54,연세대학교(미래),교과우수자,소프트웨어학부,18,106,5.89 : 1
2026-09-26 02:06:55,고려대학교(세종),크림슨인재전형,전자및정보공학과,33,152,4.61 : 1
2026-09-26 02:06:56,고려대학교(세종),크림슨인재전형,인공지능사이버보안학과,16,131,8.19 : 1
2026-09-26 02:06:57,고려대학교(세종),크림슨인재전형,컴퓨터소프트웨어학과,20,95,4.75 : 1
2026-09-26 02:06:58,고려대학교(세종),논술,전자및정보공학과,21,111,5.29 : 1
2026-09-26 02:06:59,고려대학교(세종),논술,인공지능사이버보안학과,10,48,4.80 : 1
2026-09-26 02:06:59,고려대학교(세종),논술,컴퓨터소프트웨어학과,13,61,4.69 : 1
2026-09-26 02:07:00,상명대,논술,휴먼AI공학전공,5,350,70.00 : 1
2026-09-26 02:07:01,상명대,논술,데이터과학전공,3,206,68.67 : 1
2026-09-26 02:07:02,상명대,논술,컴퓨터과학전공,3,219,73.00 : 1
2026-09-26 02:07:03,국민대,논술,소프트웨어학부,7,489,69.86 : 1
2026-09-26 02:07:04,국민대,논술,인공지능학부,3,188,62.67 : 1
2026-09-26 05:27:58,연세대학교(미래),교과우수자,소프트웨어학부,18,106,5.89 : 1
2026-09-26 05:27:59,고려대학교(세종),크림슨인재전형,전자및정보공학과,33,152,4.61 : 1
2026-09-26 05:28:00,고려대학교(세종),크림슨인재전형,인공지능사이버보안학과,16,131,8.19 : 1
2026-09-26 05:28:01,고려대학교(세종),크림슨인재전형,컴퓨터소프트웨어학과,20,95,4.75 : 1
2026-09-26 05:28:02,고려대학교(세종),논술,전자및정보공학과,21,111,5.29 : 1
2026-09-26 05:28:03,고려대학교(세종),논술,인공지능사이버보안학과,10,48,4.80 : 1
2026-09-26 05:28:04,고려대학교(세종),논술,컴퓨터소프트웨어학과,13,61,4.69 : 1
2026-09-26 05:28:05,상명대,논술,휴먼AI공학전공,5,350,70.00 : 1
2026-09-26 05:28:05,상명대,논술,데이터과학전공,3,206,68.67 : 1
2026-09-26 05:28:06,상명대,논술,컴퓨터과학전공,3,219,73.00 : 1
2026-09-26 05:28:07,국민대,논술,소프트웨어학부,7,489,69.86 : 1
2026-09-26 05:28:08,국민대,논술,인공지능학부,3,188,62.67 : 1
